{
    "content_switcher": {
        "service_config": [
            {
                "name": "navigation",
                "type": "critical",
                "max_duration_failed": 10,
                "switch_on_mismatched": true
            },
            {
                "name": "position_engine",
                "type": "critical",
                "max_duration_failed": 10,
                "switch_on_mismatched": false
            },
            {
                "name": "direction",
                "type": "normal",
                "max_duration_failed": 10,
                "switch_on_mismatched": false
            },
            {
                "name": "mapdisplay",
                "type": "normal",
                "max_duration_failed": 10,
                "switch_on_mismatched": false
            },
            {
                "name": "adas",
                "type": "normal",
                "max_duration_failed": 10,
                "switch_on_mismatched": false
            },
            {
                "name": "alert",
                "type": "normal",
                "max_duration_failed": 10,
                "switch_on_mismatched": false
            },
            {
                "name": "audio_guidance",
                "type": "normal",
                "max_duration_failed": 10,
                "switch_on_mismatched": false
            }
        ]
    },
    "cloud_config": {
        "max_retry_interval_sec": 300
    }
}
