<?xml version="1.0" encoding="utf-8"?>
<Traffic>
    <Cloud simple_description="true" congested_flows="false">
        <QueryArea url="/traffic-service/maps/v5/ngx-traffic-area/json"/>               
        <QueryTiles url="/traffic-service/maps/v6/ngx-traffic-tiles/json" limitation="50" />
        <QueryEdgeIds url="/traffic-service/maps/v6/ngx-traffic-ids/json"/>  
    </Cloud>
    <Urgent>
        <Tmc>
            <Message tmc_event_id="1479" range="16"/>
            <Message tmc_event_id="1481" range="16"/>
            <Message tmc_event_id="1500" range="16"/>
            <Message tmc_event_id="1701" range="16"/>
            <Message tmc_event_id="1707" range="16"/>
            <Message tmc_event_id="1708" range="16"/>
            <Message tmc_event_id="1974" range="16"/>
            <Message tmc_event_id="1977" range="16"/>
            <Message tmc_event_id="1961" range="16"/>
            <Message tmc_event_id="897"  range="16"/>
        </Tmc>
    </Urgent>
</Traffic>

