{
	"$schema":"http://json-schema.org/draft-04/schema#",
	"title":"3DBuildings",
	"type":"object",
	"additionalProperties":false,
	"description":"Analytics-v2 .. 3D Buildings object",
	"properties":{
		"log_context":{
			"$ref":"/resources/schema/analytics/client/v2/LogContext.json",
			"description":"Required Log Context Reference"
		},
		"event_name":{
			"type": "string",
			"enum": ["3D_BUILDINGS"]		
		},
		"schema_definition":{
			"type": "string",
			"enum": ["3DBuildings"]
		},
		"action":{
			"$ref":"/resources/schema/analytics/client/v2/ClickActionType.json",
			"description":"Required .. Log Click when user clicks on 3D buildings settings. Log Back when user returns from the 3D building settings"
		},
		"show_3d_buildings":{
			"$ref":"/resources/schema/analytics/client/v2/SettingType.json",
			"description":"Whether show 3D buildings is turned on or off."
		}
		
	},
	"required":[
		"log_context",
		"event_name",
		"schema_definition",
		"action"
	]
}