{
	"$schema":"http://json-schema.org/draft-04/schema#",
	"title":"AboutNavigator",
	"type":"object",
	"additionalProperties":false,
	"description":"Analytics-v2 .. About Navigator object",
	"properties":{
		"log_context":{
			"$ref":"/resources/schema/analytics/client/v2/LogContext.json",
			"description":"Required Log Context Reference"
		},
		"event_name":{
			"type": "string",
			"enum": ["ABOUT_NAVIGATOR"]		
		},
		"schema_definition":{
			"type": "string",
			"enum": ["AboutNavigator"]
		},
		"action":{
			"$ref":"/resources/schema/analytics/client/v2/ClickActionType.json",
			"description":"Required .. When user clicks on About or Back."
		},
		"interaction_method": {
			"$ref": "/resources/schema/analytics/client/v2/InteractionMethodValues.json",
			"description": "for each user interaction log the interation method"
		}
		
	},
	"required":[
		"log_context",
		"event_name",
		"schema_definition",
		"action"
	]
}