{
	"$schema":"http://json-schema.org/draft-04/schema#",
	"title":"AboutNavigation",
	"type":"object",
	"additionalProperties":false,
	"description":"Analytics-v2 .. About Navigation object",
	"properties":{
		"log_context":{
			"$ref":"/resources/schema/analytics/client/v2/LogContext.json",
			"description":"Required Log Context Reference"
		},
		"event_name":{
			"type": "string",
			"enum": ["ABOUT_NAVIGATION"]		
		},
		"schema_definition":{
			"type": "string",
			"enum": ["AboutNavigation"]
		},
		"action":{
			"$ref":"/resources/schema/analytics/client/v2/AboutNavigationAction.json",
			"description":"Required .. If user tapped on the VoiceSearch button or Cancelled VoiceSearch after tapping"
		},
		"trigger":{
			"$ref":"/resources/schema/analytics/client/v2/FTUESetting.json",
			"description":"Required .. If user tapped on the VoiceSearch button or Cancelled VoiceSearch after tapping"
		}
		
	},
	"required":[
		"log_context",
		"event_name",
		"schema_definition",
		"action",
		"trigger"
	]
}