{
	"$schema":"http://json-schema.org/draft-04/schema#",
	"title":"AvatarClick",
	"type":"object",
	"additionalProperties":false,
	"description":"Analytics-v2 .. Avatar Click object",
	"properties":{
		"log_context":{
			"$ref":"/resources/schema/analytics/client/v2/LogContext.json",
			"description":"Required Log Context Reference"
		},
		"event_name":{
			"type": "string",
			"enum": ["AVATAR_CLICK"]		
		},
		"schema_definition":{
			"type": "string",
			"enum": ["AvatarClick"]
		},
		"action":{
			"$ref":"/resources/schema/analytics/client/v2/ClickActionType.json",
			"description":"Required .. Whether clicked on avatar or canceled"
		}
		
	},
	"required":[
		"log_context",
		"event_name",
		"schema_definition",
		"action"
	]
}