{
	"$schema":"http://json-schema.org/draft-04/schema#",
	"title":"AccelerometerAxes",
	"type":"object",
	"additionalProperties":false,
	"description":"Analytics-v2 .. basic Accelerometer Axes",
	"properties":{
		"accelerometer_x_axis":{
			"type":"number",
			"description":"Acceleration force along the X axis"
		},
		"accelerometer_y_axis":{
			"type":"number",
			"description":"Acceleration force along the Y axis"
		},
		"accelerometer_z_axis":{
			"type":"number",
			"description":"Acceleration force along the Z axis"
		}
	},
	"required":[
		"accelerometer_x_axis",
		"accelerometer_y_axis",
		"accelerometer_z_axis"
	]
	
}