

{
	"$schema":"http://json-schema.org/draft-04/schema#",
	"title":"AddPeople",
	"type":"object",
	"additionalProperties":false,
	"description":"Analytics-v2 .. AddPeople object",
	"properties":{
		"log_context":{
			"$ref":"/resources/schema/analytics/client/v2/LogContext.json",
			"description":"Required Log Context Reference"
		},
		"event_name":{
			"type": "string",
			"enum": ["ADD_PEOPLE"]		
		},
		"schema_definition":{
			"type": "string",
			"enum": ["AddPeople"]
		},
		"action":{
			"type": "string",
			"description": "Log CLICK when the ADD PEOPLE button was clicked;Log CANCEL when the contacts page is clicked;Log SAVE when contacts are added"
		},
		"trigger":{
			"type":"string",
			"description":"Source for the ADD PEOPLE button: MEETUP_CREATE,MEETUP_DETAILS,CHAT_CREATE,CHAT_GROUP_ADD,EDIT_GROUP"
		},		
		"group_id":{
			"type":"string",
			"description":"Unique group Id"
		},
		"group_members_list" : {
            "type" : "array",
            "items" : {
                "$ref" : "/resources/schema/analytics/client/v2/GroupMembersListItem.json"
            },
            "minItems" : 2,
            "uniqueItems" : true,
            "description" : "List of user IDs invited and flags for whether the user is an existing one or a new one"
        },
		"meetup_id":{
			"type":"string",
			"description":"Unique meetup Id"
		},		
		"number_of_people":{
			"type":"number",
			"description":"number of people added from contacts list"
		}
	},
	"required":[
	 	"log_context",
	        "event_name",
        	"schema_definition",
		"action",
		"trigger"
	]
}