{
    "$schema" : "http://json-schema.org/draft-04/schema#",
    "title" : "AddressFeedbackListItem",
    "type" : "object",
    "additionalProperties" : false,
    "description" : "TAnalytics-v2 .. Address Feedback List Item",
    "properties" : {
        "destination_id" : {
            "type" : "string",
            "description" : "Destination id"
        },
        "address" : {
            "type" : "string",
            "description" : "correct address selected by user from the corpus of destination provided or manually entered"
        },
        "position" : {
            "type" : "integer",
            "description" : "position in the list"
        }
    },
    "required" : [
        "address"
    ]
}