{
	"$schema":"http://json-schema.org/draft-04/schema#",
	"title":"AddTripExpense",
	"type":"object",
	"additionalProperties":false,
	"description":"Analytics-v2 .. Add Trip Expense object",
	"properties":{
		"log_context":{
			"$ref":"/resources/schema/analytics/client/v2/LogContext.json",
			"description":"Required Log Context Reference"
		},
		"event_name":{
			"type": "string",
			"enum": ["ADD_TRIP_EXPENSE"]		
		},
		"schema_definition":{
			"type": "string",
			"enum": ["AddTripExpense"]
		},
		"action":{
			"$ref":"/resources/schema/analytics/client/v2/ClickActionType.json",
			"description":"Required .. Log Click if user clicks on Tolls or Parking buttons. Log Save/Cancel depending on user choice on next page."
		},
		"display_screen":{
			"$ref":"/resources/schema/analytics/client/v2/MileageTripType.json",
			"description":"Required .. The screen within Mileage tab where Tolls or Parking expenses was clicked."
		},
		"expense_type":{
			"$ref":"/resources/schema/analytics/client/v2/ExpenseType.json",
			"description":"Required .. The type of expense depending on which button the user clicked on."
		},
		"expense":{
			"type":"number",
			"description":"Amount entered by user if any."
		},
		"origin_lat":{
			"type":"number",
			"description":"Required .. Origin latitude."
		},
		"origin_lon":{
			"type":"number",
			"description":"Required .. Origin longitude."
		},
		"dest_lat":{
			"type":"number",
			"description":"Required .. Destination latitude."
		},
		"dest_lon":{
			"type":"number",
			"description":"Required .. Destination longitude."
		},
		"status":{
			"$ref":"/resources/schema/analytics/client/v2/StatusType.json",
			"description":"If Action was Save, then whether successfully saved or not."
		}
		
	},
	"required":[
		"log_context",
		"event_name",
		"schema_definition",
		"action",
		"display_screen",
		"expense_type",
		"origin_lat",
		"origin_lon",
		"dest_lat",
		"dest_lon"
	]
}