{
	"$schema":"http://json-schema.org/draft-04/schema#",
	"title":"AddTripNotes",
	"type":"object",
	"additionalProperties":false,
	"description":"Analytics-v2 .. Add Trip Notes object",
	"properties":{
		"log_context":{
			"$ref":"/resources/schema/analytics/client/v2/LogContext.json",
			"description":"Required Log Context Reference"
		},
		"event_name":{
			"type": "string",
			"enum": ["ADD_TRIP_NOTES"]		
		},
		"schema_definition":{
			"type": "string",
			"enum": ["AddTripNotes"]
		},
		"action":{
			"$ref":"/resources/schema/analytics/client/v2/ClickActionType.json",
			"description":"Required .. Log Click when user clicks on the notes button under a trip. Log Save or Cancel depending on user choice on notes page."
		},
		"display_screen":{
			"$ref":"/resources/schema/analytics/client/v2/MileageTripType.json",
			"description":"Required .. The screen within Mileage tab where notes was clicked on."
		},
		"notes":{
			"type":"string",
			"description":"Notes added if any."
		},
		"origin_lat":{
			"type":"number",
			"description":"Required .. Origin latitude."
		},
		"origin_lon":{
			"type":"number",
			"description":"Required .. Origin longitude."
		},
		"dest_lat":{
			"type":"number",
			"description":"Required .. Destination latitude."
		},
		"dest_lon":{
			"type":"number",
			"description":"Required .. Destination longitude."
		},
		"route_id":{
			"type":"string",
			"description":"LogID of the Route for the trip for which notes was clicked."
		},
		"status":{
			"$ref":"/resources/schema/analytics/client/v2/StatusType.json",
			"description":"If Action was Save, then whether successfully saved or not."
		}
		
	},
	"required":[
		"log_context",
		"event_name",
		"schema_definition",
		"action",
		"display_screen",
		"origin_lat",
		"origin_lon",
		"dest_lat",
		"dest_lon"
	]
}