{
	"$schema":"http://json-schema.org/draft-04/schema#",
	"title":"AlertPreferences",
	"type":"object",
	"additionalProperties":false,
	"description":"Analytics-v2 .. Alert and Warnings object",
	"properties":{
		"log_context":{
			"$ref":"/resources/schema/analytics/client/v2/LogContext.json",
			"description":"Required Log Context Reference"
		},
		"event_name":{
			"type": "string",
			"enum": ["ALERT_PREFERENCES"]		
		},
		"schema_definition":{
			"type": "string",
			"enum": ["AlertPreferences"]
		},
		"action":{
			"$ref":"/resources/schema/analytics/client/v2/SettingType.json",
			"description":"Required .. Log Click if user clicks on Alert and Warnings under profile. Log Back if user clicks back."
		},
		"trigger":{
			"$ref":"/resources/schema/analytics/client/v2/AlertPreferencesTrigger.json",
			"description":"Which preference is being changed"
		},
		"alert_congestion":{
			"$ref":"/resources/schema/analytics/client/v2/SettingType.json",
			"description":"Route option setting for tunnels only if user changed it."
		},
		"alert_road_safety":{
			"$ref":"/resources/schema/analytics/client/v2/SettingType.json",
			"description":"Alert option setting for road safety only if user changed it"
		},
		"alert_traffic_camera":{
			"$ref":"/resources/schema/analytics/client/v2/SettingType.json",
			"description":"Alert option setting for traffic camera only if user changed it"
		},
		"interaction_method": {
			"$ref": "/resources/schema/analytics/client/v2/InteractionMethodValues.json",
			"description": "for each user interaction log the interation method"
		}
	},
	"required":[
		"log_context",
		"event_name",
		"schema_definition",
		"action"
	]
}