{
	"$schema":"http://json-schema.org/draft-04/schema#",
	"title":"AlterRoute",
	"type":"object",
	"additionalProperties":false,
	"description":"Analytics-v2 .. Alter Route object",
	"properties":{
		"log_context":{
			"$ref":"/resources/schema/analytics/client/v2/LogContext.json",
			"description":"Required Log Context Reference"
		},
		"event_name":{
			"type": "string",
			"enum": ["ALTER_ROUTE"]		
		},
		"schema_definition":{
			"type": "string",
			"enum": ["AlterRoute"]
		},
		"action":{
			"$ref":"/resources/schema/analytics/client/v2/AlterRouteActionType.json",
			"description":"Required .. Log as Swipe when user swipes on a step in RouteSummary. Log Detour when Detour selected for a step. Log Cancel if user cancels after swiping but not selecting a detour."
		},
		"trigger":{
			"$ref":"/resources/schema/analytics/client/v2/RemoveDestinationTrigger.json",
			"description":"if user presses back then log as Cancel. if user clicks done log as Submit"
		},
		"route_id":{
			"type":"string",
			"description":"Required .. LogID of the route that was chosen"
		},
		"nav_id":{
			"type":"string",
			"description":"Required .. LogID of the NavStart for the navigation underway"
		},
		"interaction_method": {
			"$ref": "/resources/schema/analytics/client/v2/InteractionMethodValues.json",
			"description": "for each user interaction log the interation method"
		}
		
	},
	"required":[
		"log_context",
		"event_name",
		"schema_definition",
		"action",
		"route_id",
		"nav_id"
	]
}