{
	"$schema":"http://json-schema.org/draft-04/schema#",
	"title":"AudioGuidance",
	"type":"object",
	"additionalProperties":false,
	"description":"Analytics-v2 .. Fire when the audio guidance settings are manipulated in profile",
	"properties":{
		"log_context":{
			"$ref":"/resources/schema/analytics/client/v2/LogContext.json",
			"description":"Required Log Context Reference"
		},
		"event_name":{
			"type": "string",
			"enum": ["AUDIO_GUIDANCE"]		
		},
		"schema_definition":{
			"type": "string",
			"enum": ["AudioGuidance"]
		},
		"action":{
			"$ref":"/resources/schema/analytics/client/v2/ClickActionType.json",
			"description":"Required .. User clicks on or selects and audio guidance option"
		},
		"audio_mode_type":{
			"$ref":"/resources/schema/analytics/client/v2/AudioModeType.json",
			"description":"Required .. The audio option that was selected if the user changed it"
		}

	},
	"required":[
		"log_context",
		"event_name",
		"schema_definition",
		"action",
		"audio_mode_type"
	]
}