{
	"$schema":"http://json-schema.org/draft-04/schema#",
	"title":"CapturePoiOnMap",
	"type":"object",
	"additionalProperties":false,
	"description":"Analytics-v2 .. Capture POI On Map object",
	"properties":{
		"log_context":{
			"$ref":"/resources/schema/analytics/client/v2/LogContext.json",
			"description":"Required Log Context Reference"
		},
		"event_name":{
			"type": "string",
			"enum": ["CAPTURE_POI_ON_MAP"]		
		},
		"schema_definition":{
			"type": "string",
			"enum": ["CapturePoiOnMap"]
		},
		"action":{
			"$ref":"/resources/schema/analytics/client/v2/SettingType.json",
			"description":"Required .. If user tapped on the VoiceSearch button or Cancelled VoiceSearch after tapping"
		},
		"trigger":{
			"$ref":"/resources/schema/analytics/client/v2/CategoryType.json",
			"description":"Required .. The screen on which VoiceSearch button was tapped on"
		},
		"interaction_method": {
			"$ref": "/resources/schema/analytics/client/v2/InteractionMethodValues.json",
			"description": "for each user interaction log the interation method"
		}
		
	},
	"required":[
		"log_context",
		"event_name",
		"schema_definition",
		"action",
		"trigger"
	]
}