{
    "$schema" : "http://json-schema.org/draft-04/schema#",
    "title" : "CardInteraction",
    "type" : "object",
    "additionalProperties" : false,
    "description" : "TAnalytics-v2 .. Log when a click on a destination renders the Details page for the Address or POI",
    "properties" : {
        "log_context" : {
            "$ref" : "/resources/schema/analytics/client/v2/LogContext.json",
            "description" : "Required Log Context Reference"
        },
        "event_name" : {
            "type" : "string",
            "enum" : [
                "CARD_INTERACTION"
            ]
        },
        "schema_definition" : {
            "type" : "string",
            "enum" : [
                "CardInteraction"
            ]
        },
        "action" : {
            "type" : "string",
            "description" : "Required the action that the user takes on the card"
        },
        "trigger" : {
            "$ref": "/resources/schema/analytics/client/v2/CardTriggerType.json",
            "description" : "What triggered this event. SYSTEM - when system decide to hide the card for any reason e.g. Auto-hide, user not following the predicted route etc. trigger_cause will have additional information on this. USER - When user explicitly triggers the event"
        },
        "trigger_cause" : {
            "type" : "string",
            "description" : "Any english description of cause of the trigger."
        },
        "start_engine_id" : {
            "type" : "string",
            "description" : "Required Identifier of the start engine"
        },
        "impression_id" : {
            "type" : "string",
            "description" : "The Identifier of the Impression associated with the place"
        },
        "predictive_card" : {
            "$ref": "/resources/schema/analytics/client/v2/PredictiveListItem.json",
            "description" : "All of the details associated with the predictive card selected. Structure of this is same as the one item in predictive_card_list array in predictive_cards event."
        },
        "feedback_list" : {
            "type" : "array",
            "items": {
                "type" : "string"
            },        
        "description": "List of reasons which was shown to user when he dismisses one of the card as wrong prediction"
        },
        "feedback" : {
            "type" : "string",
            "description" : "selected reason from the reason_list"
        },
        "interaction_method": {
            "$ref": "/resources/schema/analytics/client/v2/InteractionMethodValues.json",
            "description": "for each user interaction log the interation method"
        }
    },
    "required" : [
        "log_context",
        "event_name",
        "action",
        "trigger",
        "impression_id",
        "predictive_card",
        "start_engine_id"
    ]
}