{
	"$schema":"http://json-schema.org/draft-04/schema#",
	"title":"ChangeAccount",
	"type":"object",
	"additionalProperties":false,
	"description":"Analytics-v2 .. Change Account object",
	"properties":{
		"log_context":{
			"$ref":"/resources/schema/analytics/client/v2/LogContext.json",
			"description":"Required Log Context Reference"
		},
		"event_name":{
			"type": "string",
			"enum": ["CHANGE_ACCOUNT"]		
		},
		"schema_definition":{
			"type": "string",
			"enum": ["ChangeAccount"]
		},
		"action":{
			"$ref":"/resources/schema/analytics/client/v2/ClickActionType.json",
			"description":"Required .. Log Click if user clicks on change account. Log Submit if user confirms the change.Log Cancel if user doesn't change the account details"
		},
		"status":{
			"$ref":"/resources/schema/analytics/client/v2/StatusType.json",
			"description":"If action is Submit, then whether successfully changed or not"
		}
		
	},
	"required":[
		"log_context",
		"event_name",
		"schema_definition",
		"action"
	]
}