

{
	"$schema":"http://json-schema.org/draft-04/schema#",
	"title":"ChatMessage",
	"type":"object",
	"additionalProperties":false,
	"description":"Analytics-v2 .. ChatMessage object",
	"properties":{
		"log_context":{
			"$ref":"/resources/schema/analytics/client/v2/LogContext.json",
			"description":"Required Log Context Reference"
		},
		"event_name":{
			"type": "string",
			"enum": ["CHAT_MESSAGE"]		
		},
		"schema_definition":{
			"type": "string",
			"enum": ["ChatMessage"]
		},
		"action":{
			"type": "string",
			"description": "Log SEND when user sends a message successfully;Log CLICK when user clicks to open the keypad to type a message;Log CANCEL when user disables keypad view"
		},
		"group_id":{
			"type":"string",
			"description":"Unique group Id"
		},
		"group_name":{
			"type":"string",
			"description":"Name of the group if present"
		},
		"number_of_people":{
			"type":"number",
			"description":"Number of people in the meet up"
		}
	},
	"required":[
	 	"log_context",
	        "event_name",
        	"schema_definition",	
		"action",
		"group_id",
		"number_of_people"
	]
}