{
	"$schema":"http://json-schema.org/draft-04/schema#",
	"title":"CloudRequest",
	"type":"object",
	"additionalProperties":false,
	"description":"Analytics-v2 .. Cloud Request object",
	"properties":{
		"log_context":{
			"$ref":"/resources/schema/analytics/client/v2/LogContext.json",
			"description":"Required Log Context Reference"
		},
		"event_name":{
			"type": "string",
			"enum": ["CLOUD_REQUEST"]		
		},
		"schema_definition":{
			"type": "string",
			"enum": ["CloudRequest"]
		},
		"trigger":{
			"$ref":"/resources/schema/analytics/client/v2/RequestAPI.json",
			"description":"Refers to the API server called during a Request"
		},
		"response_time":{
			"type":"number",
			"description":"Required .. Response time to each primary API request in milliseconds"
		}		
	},
	"required":[
		"log_context",
		"event_name",
		"schema_definition",
		"trigger",
		"response_time"
	]
}