{
	"$schema":"http://json-schema.org/draft-04/schema#",
	"title":"CommuteAlertTime",
	"type":"object",
	"additionalProperties":false,
	"description":"Analytics-v2 .. Commute Alert Time object",
	"properties":{
		"log_context":{
			"$ref":"/resources/schema/analytics/client/v2/LogContext.json",
			"description":"Required Log Context Reference"
		},
		"event_name":{
			"type": "string",
			"enum": ["COMMUTE_ALERT_TIME"]		
		},
		"schema_definition":{
			"type": "string",
			"enum": ["CommuteAlertTime"]
		},
		"action":{
			"$ref":"/resources/schema/analytics/client/v2/CommuteAlertActionType.json",
			"description":"Required .. Log Click when user clicks on Alert Time and Frequency. Log Time when user changes time of alert.Log Frequency when user changes frequency of alert. Log Back when user clicks on back."
		},
		"type":{
			"$ref":"/resources/schema/analytics/client/v2/CommuteAlertType.json",
			"description":"Whether HomeToWork or WorkToHome changed."
		}
		
	},
	"required":[
		"log_context",
		"event_name",
		"schema_definition",
		"action",
		"type"
	]
}