{
	"$schema":"http://json-schema.org/draft-04/schema#",
	"title":"CommuteAlertPrompt",
	"type":"object",
	"additionalProperties":false,
	"description":"Analytics-v2 .. Commute Alert Prompt object",
	"properties":{
		"log_context":{
			"$ref":"/resources/schema/analytics/client/v2/LogContext.json",
			"description":"Required Log Context Reference"
		},
		"event_name":{
			"type": "string",
			"enum": ["COMMUTE_ALERT_PROMPT"]		
		},
		"schema_definition":{
			"type": "string",
			"enum": ["CommuteAlertPrompt"]
		},
		"action":{
			"$ref":"/resources/schema/analytics/client/v2/CommutePromptActionType.json",
			"description":"Required .. Log action as POPUP when displayed. LATER or NEVER_SHOW or YES depending on user click.CANCEL if say, the user dismisses it by clicking outside of the popup."
		}
		
	},
	"required":[
		"log_context",
		"event_name",
		"schema_definition",
		"action"
	]
}