{
    "$schema": "http://json-schema.org/draft-04/schema#",
    "title": "ConnectivityFail",
    "type": "object",
    "additionalProperties": false,
    "description": "TAnalytics-v2 .. Connectivity Fail",
    "properties": {
        "log_context": {
            "$ref": "/resources/schema/analytics/client/v2/LogContext.json",
            "description": "Required Log Context Reference"
        },
        "event_name": {
            "type": "string",
            "enum": ["CONNECTIVITY_FAIL"]
        },
        "schema_definition": {
            "type": "string",
            "enum": ["ConnectivityFail"]
        }
    },
    "required": [
        "log_context",
        "event_name",
        "schema_definition"
    ]
}