{
	"$schema":"http://json-schema.org/draft-04/schema#",
	"title":"CustomNavIcon",
	"type":"object",
	"additionalProperties":false,
	"description":"Analytics-v2 .. Custom Navigation Icon object",
	"properties":{
		"log_context":{
			"$ref":"/resources/schema/analytics/client/v2/LogContext.json",
			"description":"Required Log Context Reference"
		},
		"event_name":{
			"type": "string",
			"enum": ["CUSTOM_NAV_ICON"]		
		},
		"schema_definition":{
			"type": "string",
			"enum": ["CustomNavIcon"]
		},
		"action":{
			"$ref":"/resources/schema/analytics/client/v2/ClickActionType.json",
			"description":"Required .. Log Click when user clicks on Customize Navigation Icon button in profile. Log Select when user selects a different icon. Log Back if user clicks on back button."
		},
		"nav_icon":{
			"$ref":"/resources/schema/analytics/client/v2/NavIconType.json",
			"description":"Name of navigation icon selected like Arrow, Sports Car, Classic Car, etc."
		}
		
	},
	"required":[
		"log_context",
		"event_name",
		"schema_definition",
		"action",
		"nav_icon"
	]
}