{
	"$schema":"http://json-schema.org/draft-04/schema#",
	"title":"DashboardDisplayed",
	"type":"object",
	"additionalProperties":false,
	"description":"Analytics-v2 .. Set dashboard displayed object",
	"properties":{
		"log_context":{
			"$ref":"/resources/schema/analytics/client/v2/LogContext.json",
			"description":"Required Log Context Reference"
		},
		"event_name":{
			"type": "string",
			"enum": ["DASHBOARD_DISPLAYED"]		
		},
		"schema_definition":{
			"type": "string",
			"enum": ["DashboardDisplayed"]
		},
		"number_of_recommendations":{
			"type":"number",
			"description":"Number of recommendations that appear on the dashboard on load"
		},
		"traffic_setting":{
			"$ref":"/resources/schema/analytics/client/v2/SettingType.json",
			"description":"Required .. whether traffic is set to on or off"
		},
		"camera_setting":{
			"$ref":"/resources/schema/analytics/client/v2/SettingType.json",
			"description":"Required .. whether camera is set to on or off"
		},
		"satellite_setting":{
			"$ref":"/resources/schema/analytics/client/v2/SettingType.json",
			"description":"Required .. whether satellite is set to on or off"
		},
		"number_of_incidents":{
			"type":"number",
			"description":"Number of incidents that appear on the dashboard on load"
		}

	},
	"required":[
		"log_context",
		"event_name",
		"schema_definition",
		"number_of_recommendations",
		"traffic_setting",
		"camera_setting",
		"satellite_setting",
		"number_of_incidents"
	]
}