{
	"$schema":"http://json-schema.org/draft-04/schema#",
	"title":"DealSavingsTracker",
	"type":"object",
	"additionalProperties":false,
	"description":"Analytics-v2 .. Deal Savings Tracker object",
	"properties":{
		"log_context":{
			"$ref":"/resources/schema/analytics/client/v2/LogContext.json",
			"description":"Required Log Context Reference"
		},
		"event_name":{
			"type": "string",
			"enum": ["DEAL_SAVINGS_TRACKER"]		
		},
		"schema_definition":{
			"type": "string",
			"enum": ["DealSavingsTracker"]
		},
		"action":{
			"$ref":"/resources/schema/analytics/client/v2/ClickActionType.json",
			"description":"Required .. Log Click when user clicks on Deals in profile settings. Log Back when user returns from the deals option in settings"
		},
		"savings_tracker":{
			"$ref":"/resources/schema/analytics/client/v2/SettingType.json",
			"description":"Whether savings tracker is turned on or off."
		}
		
	},
	"required":[
		"log_context",
		"event_name",
		"schema_definition",
		"action"
	]
}