

{
	"$schema":"http://json-schema.org/draft-04/schema#",
	"title":"DeleteMeetUp",
	"type":"object",
	"additionalProperties":false,
	"description":"Analytics-v2 .. DeleteMeetUp object",
	"properties":{
		"log_context":{
			"$ref":"/resources/schema/analytics/client/v2/LogContext.json",
			"description":"Required Log Context Reference"
		},
		"event_name":{
			"type": "string",
			"enum": ["DELETE_MEETUP"]		
		},
		"schema_definition":{
			"type": "string",
			"enum": ["DeleteMeetUp"]
		},
		"action":{
			"type": "string",
			"description": "Log CLICK when the delete button is clicked;Log DELETE when the action is confirmed;Log CANCEL when the user decides to cancel"
		},
		"user_type":{
			"type":"string",
			"description":"whether the person deleting is oraganizer or participant.  Based on current functionality, this is ORGANIZER only"
		},
		"group_id":{
			"type":"string",
			"description":"Unique group Id"
		},
		"meetup_id":{
			"type":"string",
			"description":"Unique meetup Id"
		}
	},
	"required":[
	 	"log_context",
	        "event_name",
        	"schema_definition",	
		"action",
		"user_type",
		"group_id",
		"meetup_id"
	]
}