{
	"$schema":"http://json-schema.org/draft-04/schema#",
	"title":"DetectHomeArea",
	"type":"object",
	"additionalProperties":false,
	"description":"Analytics-v2 .. Failed in home area",
	"properties":{
		"log_context":{
			"$ref":"/resources/schema/analytics/client/v2/LogContext.json",
			"description":"Required Log Context Reference"
		},
		"event_name":{
			"type": "string",
			"enum": ["DETECT_HOME_AREA"]		
		},
		"schema_definition":{
			"type": "string",
			"enum": ["DetectHomeArea"]
		},
		"action":{
			"$ref":"/resources/schema/analytics/client/v2/ClickActionType.json",
			"description":"Required .. Whether clicked on avatar or canceled"
		},
		"GUID":{
			"type":"string",
			"description":"Required .. id of device."
		},
		"error_id":{
			"type":"string",
			"description":"id associated with the error. Required when error occur."
		},
		"home_area":{
			"$ref":"/resources/schema/analytics/client/v2/HomeArea.json",
			"description":"Information of Home Area detected. Required when successful."
		}
		
	},
	"required":[
		"log_context",
		"event_name",
		"schema_definition",
		"action"
	]
}