{
    "$schema" : "http://json-schema.org/draft-04/schema#",
    "title" : "EdgeListItem",
    "type" : "object",
    "additionalProperties" : false,
    "description" : "TAnalytics-v2 .. Edge Item for travelled edge_id list",
    "properties" : {
        "edge_id" : {
            "type" : "string",
            "description" : "Required .. Edge IDs traversed while navigating"
        },
        "mercator_coord_x" : {
            "type" : "number",
            "description" : " Mercator projection of latitude, referred to as x coordinate"
        },
        "mercator_coord_y" : {
            "type" : "number",
            "description" : " Mercator projection of longitude, referred to as the y coordinate"
        },
        "distance" : {
            "type" : "number",
            "description" : "Required .. distance travelled on that edge"
        },
        "assumed_speed" : {
            "type" : "number",
            "description" : "The avg assumed speed for that edge in mph"
        },
        "actual_speed" : {
            "type" : "number",
            "description" : "The avg actual speed the user travelled at on the edge in mph"
        },
        "traffic_speed" : {
            "type" : "number",
            "description" : "The avg traffic speed at the time in mph"
        }
    },
    "required" : [
        "edge_id",
        "distance"
    ]
}