

{
	"$schema":"http://json-schema.org/draft-04/schema#",
	"title":"EditMeetUp",
	"type":"object",
	"additionalProperties":false,
	"description":"Analytics-v2 .. EditMeetUp object",
	"properties":{
		"log_context":{
			"$ref":"/resources/schema/analytics/client/v2/LogContext.json",
			"description":"Required Log Context Reference"
		},
		"event_name":{
			"type": "string",
			"enum": ["EDIT_MEETUP"]		
		},
		"schema_definition":{
			"type": "string",
			"enum": ["EditMeetUp"]
		},
		"trigger":{
			"type":"string",
			"description":"Where the edit originated from: CHAT, MEETUP_SUMMARY, DASHBOARD"
		},
		"user_type":{
			"type":"string",
			"description":"whether organizer or participant"
		},
		"group_id":{
			"type":"string",
			"description":"Unique group Id"
		},
		"group_members_list" : {
            "type" : "array",
            "items" : {
                "$ref" : "/resources/schema/analytics/client/v2/GroupMembersListItem.json"
            },
            "minItems" : 2,
            "uniqueItems" : true,
            "description" : "List of user IDs invited and flags for whether the user is an existing one or a new one"
        },
		"meetup_id":{
			"type":"string",
			"description":"Unique meetup Id"
		},
		"meetup_theme":{
			"type":"string",
			"description":"This is the sticker type selected"
		},
		"number_of_people":{
			"type":"number",
			"description":"Number of people in the meet up"
		},
		"entity_id":{
			"type":"string",
			"description":"Entity ID of the meet up"
		},
		"entity_address":{
			"type":"string",
			"description":"Address for the entity where meet up is created"
		},
		"category_id":{
			"type":"string",
			"description":"Category ID of the meet up location"
		},
		"category":{
			"type":"string",
			"description":"POI category like Coffee, Restaurants, Gas, ATM, etc."
		},
		"dest_lat":{
			"type":"number",
			"description":"Latitude of destination.  Sometimes entity ID lat long can be different from destination lat-long , ex: road located on opposite side of the edge"
		},
		"dest_lon":{
			"type":"number",
			"description":"Longitude of destination.  Sometimes entity ID lat long can be different from destination lat-long , ex: road located on opposite side of the edge"
		},
		"group_name":{
			"type":"string",
			"description":"Additional details added to the meet up, ex: name"
		},
		"meetup_time":{
			"type":"string",
			"description":"Time at which the meet up is scheduled"
		},
		"search_id":{
			"type":"string",
			"description":"Search ID from which the destination was chosen"
		}
	},
	"required":[
	 	"log_context",
	        "event_name",
        	"schema_definition",	
		"trigger",
		"user_type",
		"group_id",
		"group_members_list",
		"meetup_id",
		"meetup_theme",
		"number_of_people",
		"entity_id",
		"entity_address",
		"category_id",
		"category",
		"dest_lat",
		"dest_lon",
		"group_name",
		"meetup_time",
		"search_id"
	]
}