

{
	"$schema":"http://json-schema.org/draft-04/schema#",
	"title":"EditGroup",
	"type":"object",
	"additionalProperties":false,
	"description":"Analytics-v2 .. EditGroup object",
	"properties":{
		"log_context":{
			"$ref":"/resources/schema/analytics/client/v2/LogContext.json",
			"description":"Required Log Context Reference"
		},
		"event_name":{
			"type": "string",
			"enum": ["EDIT_GROUP"]		
		},
		"schema_definition":{
			"type": "string",
			"enum": ["EditGroup"]
		},
		"action":{
			"type": "string",
			"description": "Log CANCEL when user hits X sign; SAVE when user hits DONE button"
		},
		"group_id":{
			"type":"string",
			"description":"Unique group Id"
		},
		"group_name":{
			"type":"number",
			"description":"Name of the group if present"
		}
	},
	"required":[
	 	"log_context",
	        "event_name",
        	"schema_definition",	
		"action",
		"group_id"
	]
}