{
	"$schema":"http://json-schema.org/draft-04/schema#",
	"title":"EditAccount",
	"type":"object",
	"additionalProperties":false,
	"description":"Analytics-v2 .. Edit Account object",
	"properties":{
		"log_context":{
			"$ref":"/resources/schema/analytics/client/v2/LogContext.json",
			"description":"Required Log Context Reference"
		},
		"event_name":{
			"type": "string",
			"enum": ["EDIT_ACCOUNT"]		
		},
		"schema_definition":{
			"type": "string",
			"enum": ["EditAccount"]
		},
		"action":{
			"$ref":"/resources/schema/analytics/client/v2/ClickActionType.json",
			"description":"Required .. Log Click when user clicks on the edit account option. Log Submit is user changes email or name and saves. Log Cancel if user exits from name/email without making any account changes. Log Back when user exits edit account screen"
		},
		"email":{
			"type":"string",
			"description":"Email entered if user changed it."
		},
		"name":{
			"type":"string",
			"description":"Name if user changed it."
		},
		"status":{
			"$ref":"/resources/schema/analytics/client/v2/StatusType.json",
			"description":"If action is submit, then whether successfully edited or not"
		}
		
	},
	"required":[
		"log_context",
		"event_name",
		"schema_definition",
		"action"
	]
}