{
	"$schema": "http://json-schema.org/draft-04/schema#",
	"title": "EngineSpeedItems.json",
	"type": "object",
	"properties": {
		"value": {
			"type": "number",
			"minimum": 0,
			"maximum": 16382,
			"description": "Possible Values"
		},
		"timestamp": {
			"type": "integer",
			"description": "Required timestamp in milliseconds for event/click"
		},
		"previous_value": {
			"type": "number",
			"minimum": 0,
			"maximum": 16382,
			"description": "Old value - if available"
		}
	},
	"required": [
		"value",
		"timestamp"
	]
}