{
	"$schema":"http://json-schema.org/draft-04/schema#",
	"title":"ExportTrips",
	"type":"object",
	"additionalProperties":false,
	"description":"Analytics-v2 .. Export Trips object",
	"properties":{
		"log_context":{
			"$ref":"/resources/schema/analytics/client/v2/LogContext.json",
			"description":"Required Log Context Reference"
		},
		"event_name":{
			"type": "string",
			"enum": ["EXPORT_TRIPS"]		
		},
		"schema_definition":{
			"type": "string",
			"enum": ["ExportTrips"]
		},
		"action":{
			"$ref":"/resources/schema/analytics/client/v2/ExportTripsActionType.json",
			"description":"Required .. Log Click when user clicks on the Export option on any page in the Mileage tab. Log Select when user selects what to export. Log Send/Cancel depending on what the user clicks on."
		},
		"display_screen":{
			"$ref":"/resources/schema/analytics/client/v2/MileageTripType.json",
			"description":"Required .. The page under Mileage tab that export was clicked on."
		},
		"status":{
			"$ref":"/resources/schema/analytics/client/v2/StatusType.json",
			"description":"If successfully exported or not"
		}
		
	},
	"required":[
		"log_context",
		"event_name",
		"schema_definition",
		"action",
		"display_screen"
	]
}