{
	"$schema":"http://json-schema.org/draft-04/schema#",
	"title":"FavoritesOnMap",
	"type":"object",
	"additionalProperties":false,
	"description":"Analytics-v2 .. Favorites On Map object",
	"properties":{
		"log_context":{
			"$ref":"/resources/schema/analytics/client/v2/LogContext.json",
			"description":"Required Log Context Reference"
		},
		"event_name":{
			"type": "string",
			"enum": ["FAVORITES_ON_MAP"]		
		},
		"schema_definition":{
			"type": "string",
			"enum": ["FavoritesOnMap"]
		},
		"action":{
			"$ref":"/resources/schema/analytics/client/v2/SettingType.json",
			"description":"Required .. If user turns favorites display on map on or off."
		}
		
	},
	"required":[
		"log_context",
		"event_name",
		"schema_definition",
		"action"
	]
}