{
	"$schema":"http://json-schema.org/draft-04/schema#",
	"title":"FilterCoupon",
	"type":"object",
	"additionalProperties":false,
	"description":"Analytics-v2 .. Filter Coupon object",
	"properties":{
		"log_context":{
			"$ref":"/resources/schema/analytics/client/v2/LogContext.json",
			"description":"Required Log Context Reference"
		},
		"event_name":{
			"type": "string",
			"enum": ["FILTER_COUPON"]		
		},
		"schema_definition":{
			"type": "string",
			"enum": ["FilterCoupon"]
		},
		"action":{
			"$ref":"/resources/schema/analytics/client/v2/ClickActionType.json",
			"description":"Required .. User clicks on filter button on coupons page - log Click. Log Back or Select depending on user choice the following screen"
		},
		"filter":{
			"$ref":"/resources/schema/analytics/client/v2/FilterCouponType.json",
			"description":"Name of the filter applied"
		},
		"display":{
			"$ref":"/resources/schema/analytics/client/v2/DisplayType.json",
			"description":"Required .. Whether list displayed on Map or as a list"
		}
		
	},
	"required":[
		"log_context",
		"event_name",
		"schema_definition",
		"action",
		"filter",
		"display"
	]
}