{
	"$schema": "http://json-schema.org/draft-04/schema#",
	"title": "GpsProbes",
	"type": "object",
	"additionalProperties": false,
	"description": "Analytics-v2 .. GPS Probes object",
	"properties": {
		"log_context": {
			"$ref": "/resources/schema/analytics/client/v2/LogContext.json",
			"description": "Required Log Context Reference"
		},
		"event_name": {
			"type": "string",
			"enum": ["GPS_PROBES"]
		},
		"schema_definition": {
			"type": "string",
			"enum": ["GpsProbes"]
		},
		"trigger": {
			"$ref": "/resources/schema/analytics/client/v2/ProbeTriggerType.json",
			"description": "Required .. If user is driving in follow me mode,log FOLLOW_ME. If user is driving in nav mode or switches to nav mode, log GUIDED_NAV. If user is in guided nav mode and deviates, log DEVIATION"
		},
		"start_engine_id": {
			"type": "string",
			"description": "Required .. Log id of the START_ENGINE event preceding the navigation"
		},
		"route_id": {
			"type": "string",
			"description": "If a guided navigation, then log the route_id for the trip. If in follow-me mode then route_id will not be applicable"
		},
		"probe_list": {
			"type": "array",
			"items": {
				"$ref": "/resources/schema/analytics/client/v2/ProbeListItemType.json"
			},
			"description": "Required List of  latitude and longitude at periodic intervals"
		}
	},
	"required": [
		"log_context",
		"event_name",
		"schema_definition",
		"trigger",
		"start_engine_id",
		"probe_list"
	]
}