{
	"$schema":"http://json-schema.org/draft-04/schema#",
	"title":"GravityAxes",
	"type":"object",
	"additionalProperties":false,
	"description":"Analytics-v2 .. basic Gravity Axes",
	"properties":{
		"gravity_x_axis":{
			"type":"number",
			"description":"Measures the force of gravity that is applied to a device on the X axis"
		},
		"gravity_y_axis":{
			"type":"number",
			"description":"Measures the force of gravity that is applied to a device on the Y axis"
		},
		"gravity_z_axis":{
			"type":"number",
			"description":"Measures the force of gravity that is applied to a device on the Z axis"
		}
	},
	"required":[
		"gravity_x_axis",
		"gravity_y_axis",
		"gravity_z_axis"
	]
	
}