{
    "$schema" : "http://json-schema.org/draft-04/schema#",
    "title" : "GroupMembersListItem",
    "type" : "object",
    "additionalProperties" : false,
    "description" : "TAnalytics-v2 .. List Item for Group Members list",
    "properties" : {
        "user_type_flag" : {
            "type" : "string",
            "description" : "Whether the user invited is existing Scout user (OLD) or new Scout user (NEW)"
        },
        "invited_user_id" : {
            "type" : "string",
            "description" : "Required user Identifier for user associated with social item in the list"
        }
    },
    "required" : [
        "invited_user_id",
        "user_type_flag"
    ]
}