{
	"$schema":"http://json-schema.org/draft-04/schema#",
	"title":"History",
	"type":"object",
	"additionalProperties":false,
	"description":"Analytics-v2 .. History object",
	"properties":{
		"log_context":{
			"$ref":"/resources/schema/analytics/client/v2/LogContext.json",
			"description":"Required Log Context Reference"
		},
		"event_name":{
			"type": "string",
			"enum": ["HISTORY"]		
		},
		"schema_definition":{
			"type": "string",
			"enum": ["History"]
		},
		"action":{
			"$ref":"/resources/schema/analytics/client/v2/ClickActionType.json",
			"description":"Required .. If user tapped on the VoiceSearch button or Cancelled VoiceSearch after tapping"
		},
		"trigger":{
			"$ref":"/resources/schema/analytics/client/v2/HistoryTrigger.json",
			"description":"What the user cleared - whether search history or recents"
		},
		"interaction_method": {
			"$ref": "/resources/schema/analytics/client/v2/InteractionMethodValues.json",
			"description": "for each user interaction log the interation method"
		}
		
	},
	"required":[
		"log_context",
		"event_name",
		"schema_definition",
		"action"
	]
}