{
	"$schema":"http://json-schema.org/draft-04/schema#",
	"title":"HMIBack",
	"type":"object",
	"additionalProperties":false,
	"description":"Analytics-v2 .. HMI Back object",
	"properties":{
		"log_context":{
			"$ref":"/resources/schema/analytics/client/v2/LogContext.json",
			"description":"Required Log Context Reference"
		},
		"event_name":{
			"type": "string",
			"enum": ["HMI_BACK"]		
		},
		"schema_definition":{
			"type": "string",
			"enum": ["HMIBack"]
		},
		"display_screen":{
			"$ref":"/resources/schema/analytics/client/v2/HMIDisplayScreenType.json",
			"description":"Required .. The screen on which the settings icon was clicked on"
		}
		
	},
	"required":[
		"log_context",
		"event_name",
		"schema_definition",
		"display_screen"
	]
}