{
	"$schema":"http://json-schema.org/draft-04/schema#",
	"title":"HMIConnected",
	"type":"object",
	"additionalProperties":false,
	"description":"Analytics-v2 .. HMI Connected object",
	"properties":{
		"log_context":{
			"$ref":"/resources/schema/analytics/client/v2/LogContext.json",
			"description":"Required Log Context Reference"
		},
		"event_name":{
			"type": "string",
			"enum": ["HMI_CONNECTED"]		
		},
		"schema_definition":{
			"type": "string",
			"enum": ["HMIConnected"]
		},
		"trigger":{
			"$ref":"/resources/schema/analytics/client/v2/ConnectionTriggerType.json",
			"description":"Required .. Whether connected to phone through bluetooth or USB"
		},
		"access_method":{
			"$ref":"/resources/schema/analytics/client/v2/AccessMethodType.json",
			"description":"This field should have valid values when the handset is connected to the HU"
		},
		"auto_make":{
			"type":"string",
			"description":"The make of the auto."
		}
		
	},
	"required":[
		"log_context",
		"event_name",
		"schema_definition",
		"trigger"
	]
}