{
	"$schema":"http://json-schema.org/draft-04/schema#",
	"title":"HMIDetails",
	"type":"object",
	"additionalProperties":false,
	"description":"Analytics-v2 .. HMI Details object",
	"properties":{
		"log_context":{
			"$ref":"/resources/schema/analytics/client/v2/LogContext.json",
			"description":"Required Log Context Reference"
		},
		"event_name":{
			"type": "string",
			"enum": ["HMI_SETTINGS"]		
		},
		"schema_definition":{
			"type": "string",
			"enum": ["HMISettings"]
		},
		"action":{
			"$ref":"/resources/schema/analytics/client/v2/ClickActionType.json",
			"description":"Required .. Log when user clicks on More or Less on the details page"
		}
		
	},
	"required":[
		"log_context",
		"event_name",
		"schema_definition",
		"action"
	]
}