{
	"$schema":"http://json-schema.org/draft-04/schema#",
	"title":"HMISettings",
	"type":"object",
	"additionalProperties":false,
	"description":"Analytics-v2 .. HMI Settings object",
	"properties":{
		"log_context":{
			"$ref":"/resources/schema/analytics/client/v2/LogContext.json",
			"description":"Required Log Context Reference"
		},
		"event_name":{
			"type": "string",
			"enum": ["HMI_SETTINGS"]		
		},
		"schema_definition":{
			"type": "string",
			"enum": ["HMISettings"]
		},
		"display_screen":{
			"$ref":"/resources/schema/analytics/client/v2/HMIDisplayScreenType.json",
			"description":"Required .. The screen on which the settings icon was clicked on"
		},
		"action":{
			"$ref":"/resources/schema/analytics/client/v2/ClickActionType.json",
			"description":"Required .. Whether user clicked to open or dismiss the settings page"
		}
		
	},
	"required":[
		"log_context",
		"event_name",
		"schema_definition",
		"display_screen",
		"action"
	]
}