{
	"$schema":"http://json-schema.org/draft-04/schema#",
	"title":"Install",
	"type":"object",
	"additionalProperties":false,
	"description":"Analytics-v2 .. App Activated object",
	"properties":{
		"event_name":{
			"type": "string",
			"enum": ["INSTALL"]		
		},
		"schema_definition":{
			"type": "string",
			"enum": ["Install"]
		},
		"ad_id":{
			"type":"string",
			"description":"IDFA/Android-ID .. always required on iOS, whenever available on Android"
		},
		"platform":{
			"type":"string",
			"description":"Android, iOS "
		},
		"campaign":{
			"type":"string",
			"description":"Required "
		}
		
	},
	"required":[
		"event_name",
		"schema_definition",
		"ad_id",
		"platform",
		"campaign"
	]
}