{
    "$schema": "http://json-schema.org/draft-04/schema#",
    "title": "KeyDestinationSaved",
    "type": "object",
    "additionalProperties": false,
    "description": "TAnalytics-v2 .. Key Destination Saved",
    "properties": {
        "log_context": {
            "$ref": "/resources/schema/analytics/client/v2/LogContext.json",
            "description": "Required Log Context Reference"
        },
        "event_name": {
            "type": "string",
            "enum": ["KEY_DESTINATION_SAVED"]
        },
        "schema_definition": {
            "type": "string",
            "enum": ["KeyDestinationSaved"]
        },
        "label":{
            "type": "string",
            "description":"Label provided by user while saving the key destination, if not available due to privacy issue then a hashed value of label"
        },
        "key_destination_id": {
            "type": "number",
            "description": "Unique id for each key destination"
        }
    },
    "required": [
        "log_context",
        "event_name",
        "schema_definition",
        "key_destination_id"
    ]
}