{
	"$schema": "http://json-schema.org/draft-04/schema#",
	"title": "LaneDepartureItems.json",
	"type": "object",
	"properties": {
		"status": {
			"type": "integer",
			"minimum": 0,
			"maximum": 3,
			"description": "Status Value"
		},
		"timestamp": {
			"type": "integer",
			"description": "Required timestamp in milliseconds for event/click"
		},
		"type": {
			"type": "integer",
			"minimum": 0,
			"maximum": 1,
			"description": "Lane type"
		}
	},
	"required": [
		"status",
		"timestamp",
		"type"
	]
}