{
	"$schema": "http://json-schema.org/draft-04/schema#",
	"title": "LinearAccelerometerAxes",
	"type": "object",
	"additionalProperties": false,
	"description": "Analytics-v2 .. Linear Accelerometer Axes",
	"properties": {
		"linear_accelerometer_x_axis": {
			"type": "number",
			"description": "Acceleration force along the X axis"
		},
		"linear_accelerometer_y_axis": {
			"type": "number",
			"description": "Acceleration force along the Y axis"
		},
		"linear_accelerometer_z_axis": {
			"type": "number",
			"description": "Acceleration force along the Z axis"
		}
	},
	"required": [
		"linear_accelerometer_x_axis",
		"linear_accelerometer_y_axis",
		"linear_accelerometer_z_axis"
	]

}