{
	"$schema":"http://json-schema.org/draft-04/schema#",
	"title":"MagnaticAxes",
	"type":"object",
	"additionalProperties":false,
	"description":"Analytics-v2 .. basic Magnatic Axes",
	"properties":{
		"magnetic_x_axis":{
			"type":"number",
			"description":"magnetic field along the X axis"
		},
		"magnetic_y_axis":{
			"type":"number",
			"description":"magnetic field along the Y axis"
		},
		"magnetic_z_axis":{
			"type":"number",
			"description":"magnetic field along the Z axis"
		}
	},
	"required":[
		"magnetic_x_axis",
		"magnetic_y_axis",
		"magnetic_z_axis"
	]
	
}