{
	"$schema": "http://json-schema.org/draft-04/schema#",
	"title": "MagnaticItems.json",
	"type": "object",
	"properties": {
		"value": {
			"$ref": "/resources/schema/analytics/client/v2/MagnaticAxes.json",
			"description": "Possible Values"
		},
		"timestamp": {
			"type": "integer",
			"description": "Required timestamp in milliseconds for event/click"
		},
		"previous_value": {
			"$ref": "/resources/schema/analytics/client/v2/MagnaticAxes.json",
			"description": "Old value - if available"
		}
	},
	"required": [
		"value",
		"timestamp"
	]
}