{
	"$schema":"http://json-schema.org/draft-04/schema#",
	"title":"MileageSummary",
	"type":"object",
	"additionalProperties":false,
	"description":"Analytics-v2 .. Mileage Summary object",
	"properties":{
		"log_context":{
			"$ref":"/resources/schema/analytics/client/v2/LogContext.json",
			"description":"Required Log Context Reference"
		},
		"event_name":{
	    		"type": "string",
	    		"enum": ["MILEAGE_SUMMARY"]		
		},
		"schema_definition":{
	    		"type": "string",
	    		"enum": ["MileageSummary"]
		},
        	"trigger" : {
            		"$ref" : "/resources/schema/analytics/client/v2/MileageTriggerType.json",
            		"description" : "Required .. What triggered the mileage summary display. Whether from the tab selection or as a result of a prompt to tag trips"
        	},
		"display_screen":{
			"$ref":"/resources/schema/analytics/client/v2/MileageTripType.json",
			"description":"Required .. The screen inside the Mileage tab that is displayed."
		},
		"trips":{
			"type" : "number",
            		"description" : "Required .. Number of trips under the tab"			
		},
		"miles":{
			"type" : "number",
            		"description" : "Total miles for all the trips under the tab"			
		},
		"expense":{
			"type" : "number",
            		"description" : "Total Expenses"			
		},
        	"route_list" : {
            		"type" : "array",
            		"items" : {
               		    "$ref" : "/resources/schema/analytics/client/v2/RouteListItemType.json"
            		},
            		"description" : "Required List of origin and destination lat and longs in the mileage summary screen"
        	}
		
		
	},
	"required":[
		"log_context",
		"event_name",
		"schema_definition",
		"trigger",
		"display_screen",
		"trips"
	]
}