{
	"$schema":"http://json-schema.org/draft-04/schema#",
	"title":"MileageRate",
	"type":"object",
	"additionalProperties":false,
	"description":"Analytics-v2 .. Mileage Rate object",
	"properties":{
		"log_context":{
			"$ref":"/resources/schema/analytics/client/v2/LogContext.json",
			"description":"Required Log Context Reference"
		},
		"event_name":{
			"type": "string",
			"enum": ["MILEAGE_RATE"]		
		},
		"schema_definition":{
			"type": "string",
			"enum": ["MileageRate"]
		},
		"action":{
			"$ref":"/resources/schema/analytics/client/v2/MileageSettingActionType.json",
			"description":"Required .. Log click when user taps on the mileage rate setting. Log Edit if user changes the rate. Log Save/cancel depending on user action in the page."
		},
		"mileage_rate":{
			"type":"number",
			"description":"Required .. Log the mileage rate "
		}
		
	},
	"required":[
		"log_context",
		"event_name",
		"schema_definition",
		"action",
		"mileage_rate"
	]
}