{
	"$schema":"http://json-schema.org/draft-04/schema#",
	"title":"MISSED_EVENTS_INFO",
	"type":"object",
	"additionalProperties":false,
	"description":"Analytics-v2 .. Missed Events Info object",
	"properties":{
		"log_context":{
			"$ref":"/resources/schema/analytics/client/v2/LogContext.json",
			"description":"Required Log Context Reference"
		},
		"event_name":{
			"type": "string",
			"enum": ["MISSED_EVENTS_INFO"]		
		},
		"schema_definition":{
			"type": "string",
			"enum": ["MissedEventsInfo"]
		},
		"ds_id":{
			"type":"string",
			"description":"data sense id"
		},
		"ds_version":{
			"type":"string",
			"description":"data sense version"
		},
		"start_time":{
			"type":"integer",
			"description":"start time of the collection"
		},
		"end_time":{
			"type":"integer",
			"description":"end time of the collection"
		},
		"count":{
			"type": "integer",
			"description": "count of missing events"
		}
	},
	"required":[
		"log_context",
		"event_name",
		"schema_definition",
		"ds_id",
		"ds_version",
		"start_time",
		"end_time",
		"count"
	]
}