{
	"$schema":"http://json-schema.org/draft-04/schema#",
	"title":"MoreFromCarrier",
	"type":"object",
	"additionalProperties":false,
	"description":"Analytics-v2 .. More From Carrier Link object",
	"properties":{
		"log_context":{
			"$ref":"/resources/schema/analytics/client/v2/LogContext.json",
			"description":"Required Log Context Reference"
		},
		"event_name":{
			"type": "string",
			"enum": ["MORE_FROM_CARRIER"]		
		},
		"schema_definition":{
			"type": "string",
			"enum": ["MoreFromCarrier"]
		},
		"action":{
			"$ref":"/resources/schema/analytics/client/v2/ClickActionType.json",
			"description":"Required .. Log Click when the More from AT&T/any carrier is clicked."
		}
		
	},
	"required":[
		"log_context",
		"event_name",
		"schema_definition",
		"action"
	]
}