

{
	"$schema":"http://json-schema.org/draft-04/schema#",
	"title":"More",
	"type":"object",
	"additionalProperties":false,
	"description":"Analytics-v2 .. More object",
	"properties":{
		"log_context":{
			"$ref":"/resources/schema/analytics/client/v2/LogContext.json",
			"description":"Required Log Context Reference"
		},
		"event_name":{
			"type": "string",
			"enum": ["MORE"]		
		},
		"schema_definition":{
			"type": "string",
			"enum": ["More"]
		},
		"action":{
			"$ref":"/resources/schema/analytics/client/v2/ClickActionType.json",
			"description": "Whether CLICK or CANCEL"
		},
		"trigger":{
			"$ref":"/resources/schema/analytics/client/v2/PlaceDisplayScreenType.json",
			"description":"The page that triggered this"
		}
	},
	"required":[
		"log_context",
		"event_name",
		"schema_definition",
		"action",
		"trigger"
	]
}