{
	"$schema":"http://json-schema.org/draft-04/schema#",
	"title":"MoveNewTrip",
	"type":"object",
	"additionalProperties":false,
	"description":"Analytics-v2 .. Move New Trip object",
	"properties":{
		"log_context":{
			"$ref":"/resources/schema/analytics/client/v2/LogContext.json",
			"description":"Required Log Context Reference"
		},
		"event_name":{
			"type": "string",
			"enum": ["MOVE_NEW_TRIP"]		
		},
		"schema_definition":{
			"type": "string",
			"enum": ["MoveNewTrip"]
		},
		"action":{
			"$ref":"/resources/schema/analytics/client/v2/MileageTripType.json",
			"description":"Required .. If user clicks on Business or Personal button."
		},
		"origin_lat":{
			"type":"number",
			"description":"Required .. Origin latitude."
		},
		"origin_lon":{
			"type":"number",
			"description":"Required .. Origin longitude."
		},
		"dest_lat":{
			"type":"number",
			"description":"Required .. Destination latitude."
		},
		"dest_lon":{
			"type":"number",
			"description":"Required .. Destination longitude."
		},
		"route_id":{
			"type":"string",
			"description":"LogID of the route being classified as Business or Personal from NewTrips."
		}
		
	},
	"required":[
		"log_context",
		"event_name",
		"schema_definition",
		"action",
		"origin_lat",
		"origin_lon",
		"dest_lat",
		"dest_lon"
	]
}