{
	"$schema":"http://json-schema.org/draft-04/schema#",
	"title":"MuteVoice",
	"type":"object",
	"additionalProperties":false,
	"description":"Analytics-v2 .. Mute Voice object",
	"properties":{
		"log_context":{
			"$ref":"/resources/schema/analytics/client/v2/LogContext.json",
			"description":"Required Log Context Reference"
		},
		"event_name":{
			"type": "string",
			"enum": ["MUTE_VOICE"]		
		},
		"schema_definition":{
			"type": "string",
			"enum": ["MuteVoice"]
		},
		"action":{
			"$ref":"/resources/schema/analytics/client/v2/MuteActionType.json",
			"description":"Required .. Whether user taps to mute or unmute voice guidance while driving"
		},
		"nav_id":{
			"type":"string",
			"description":"Required .. LogID of navigation where mute or unmute was tappend on"
		},
		"interaction_method": {
			"$ref": "/resources/schema/analytics/client/v2/InteractionMethodValues.json",
			"description": "for each user interaction log the interation method"
		}
		
	},
	"required":[
		"log_context",
		"event_name",
		"schema_definition",
		"action",
		"nav_id"
	]
}