{
	"$schema":"http://json-schema.org/draft-04/schema#",
	"title":"NetworkUsage",
	"type":"object",
	"additionalProperties":false,
	"description":"Analytics-v2 .. Network Usage object ",
	"properties":{
		"log_context":{
			"$ref":"/resources/schema/analytics/client/v2/LogContext.json",
			"description":"Required Log Context Reference"
		},
		"event_name":{
			"type": "string",
			"enum": ["NETWORK_USAGE"]		
		},
		"schema_definition":{
			"type": "string",
			"enum": ["NetworkUsage"]
		},
		"ds_id":{
			"type":"string",
			"description":"data sense id"
		},
		"ds_version":{
			"type":"string",
			"description":"data sense version"
		},
		"start_time":{
			"type":"integer",
			"description":"start time of the collection"
		},
		"end_time":{
			"type":"integer",
			"description":"end time of the collection"
		},
		"usage_list":{
			"type": "array",
			"maxItems": 6400,
			"items": {
				"$ref": "/resources/schema/analytics/client/v2/NetworkUsageListItems.json",
				"description": "Network Usage List Item"
			}
		}
	},
	"required":[
		"log_context",
		"event_name",
		"schema_definition",
		"ds_id",
		"ds_version",
		"start_time",
		"end_time",
		"usage_list"
	]
}