

{
	"$schema":"http://json-schema.org/draft-04/schema#",
	"title":"OpenChatGroup",
	"type":"object",
	"additionalProperties":false,
	"description":"Analytics-v2 .. OpenChatGroup object",
	"properties":{
		"log_context":{
			"$ref":"/resources/schema/analytics/client/v2/LogContext.json",
			"description":"Required Log Context Reference"
		},
		"event_name":{
			"type": "string",
			"enum": ["OPEN_CHAT_GROUP"]		
		},
		"schema_definition":{
			"type": "string",
			"enum": ["OpenChatGroup"]
		},
		"action":{
			"type": "string",
			"description": "Log CLICK to enter a chat group;Log EDIT when inside chat group and user clicks on EDIT;Log BACK when user clicks on backward arrow"
		},
		"trigger":{
			"type":"string",
			"description":"Whether the user entered chat group from CHAT tab or meet up summary page - CHAT or MEETUP_SUMMARY"
		},
		"group_id":{
			"type":"string",
			"description":"Unique group Id"
		},
		"number_of_people":{
			"type":"number",
			"description":"Number of people in the chat group"
		},
		"group_name":{
			"type":"string",
			"description":"Additional details added to the meet up, ex: name"
		}
	},
	"required":[
	 	"log_context",
	        "event_name",
        	"schema_definition",	
		"action",
		"trigger",
		"group_id",
		"number_of_people"
	]
}