{
	"$schema":"http://json-schema.org/draft-04/schema#",
	"title":"OpenProfile",
	"type":"object",
	"additionalProperties":false,
	"description":"Analytics-v2 .. Open Profile object",
	"properties":{
		"log_context":{
			"$ref":"/resources/schema/analytics/client/v2/LogContext.json",
			"description":"Required Log Context Reference"
		},
		"event_name":{
			"type": "string",
			"enum": ["OPEN_PROFILE"]		
		},
		"schema_definition":{
			"type": "string",
			"enum": ["OpenProfile"]
		},
		"action":{
			"$ref":"/resources/schema/analytics/client/v2/ClickActionType.json",
			"description":"Required .. Log Click when user clicks on the settings/profile button on the dashboard"
		}
		
	},
	"required":[
		"log_context",
		"event_name",
		"schema_definition",
		"action"
	]
}