{
	"$schema":"http://json-schema.org/draft-04/schema#",
	"title":"OpenLanguage",
	"type":"object",
	"additionalProperties":false,
	"description":"Analytics-v2 .. Open Language object",
	"properties":{
		"log_context":{
			"$ref":"/resources/schema/analytics/client/v2/LogContext.json",
			"description":"Required Log Context Reference"
		},
		"event_name":{
			"type": "string",
			"enum": ["OPEN_LANGUAGE"]		
		},
		"schema_definition":{
			"type": "string",
			"enum": ["OpenLanguage"]
		},
		"action":{
			"$ref":"/resources/schema/analytics/client/v2/ClickActionType.json",
			"description":"Required .. Log Click when user clicks on Language in profile. Log Select when user select a different language. Log Back when user clicks on back button."
		},
		"language":{
			"$ref":"/resources/schema/analytics/client/v2/LanguageType.json",
			"description":"Required .. The language selected like English, Spanish, etc."
		}
		
	},
	"required":[
		"log_context",
		"event_name",
		"schema_definition",
		"action",
		"language"
	]
}