{
	"$schema":"http://json-schema.org/draft-04/schema#",
	"title":"OpenUpgrade",
	"type":"object",
	"additionalProperties":false,
	"description":"Analytics-v2 .. Open Upgrade object",
	"properties":{
		"log_context":{
			"$ref":"/resources/schema/analytics/client/v2/LogContext.json",
			"description":"Required Log Context Reference"
		},
		"event_name":{
			"type": "string",
			"enum": ["OPEN_UPGRADE"]		
		},
		"schema_definition":{
			"type": "string",
			"enum": ["OpenUpgrade"]
		},
        	"trigger" : {
            		"$ref" : "/resources/schema/analytics/client/v2/UpgradeTriggerType.json",
            		"description" : "Required .. Whether the upgrade screen was triggered by user or as part of the FTUE "
        	},
		"action":{
			"$ref":"/resources/schema/analytics/client/v2/OpenUpgradeActionType.json",
			"description":"Required .. Log Click when user clicks on the upgrade button. Log ScrollRight/ScrollLeft if user navigates through the offered features for paid subscription. Log Select when user selects a promo or paid plan. Log Cancel if user exits screen without upgrading."
		},
		"type":{
			"$ref":"/resources/schema/analytics/client/v2/PlanType.json",
			"description":"Whether user opted for promo or paid."
		},
		"display_screen":{
			"$ref":"/resources/schema/analytics/client/v2/UpgradeDisplayScreenType.json",
			"description":"Required .. Whether the upgrade option was clicked from Mileage, Profile, Coupons, etc."
		},
		"new_offer_code":{
			"type":"string",
			"description":"The offer code selected if any."
		},
		"status":{
			"$ref":"/resources/schema/analytics/client/v2/StatusType.json",
			"description":"Required .. Whether successfully purchased or not if action is Select"
		},
		"caused_by":{
			"type":"string",
			"description":"A short description and response code when user attempts a purchase."
		}
		
	},
	"required":[
		"log_context",
		"event_name",
		"schema_definition",
		"trigger",
		"action"
	]
}