{
    "$schema" : "http://json-schema.org/draft-04/schema#",
    "title" : "PredictionFeedback",
    "type" : "object",
    "additionalProperties" : false,
    "description" : "TAnalytics-v2 .. Predictive cards feedback event - ARP",
    "properties" : {
        "log_context" : {
            "$ref" : "/resources/schema/analytics/client/v2/LogContext.json",
            "description" : "Required Log Context Reference"
        },
        "event_name" : {
            "type" : "string",
            "enum" : [
                "PREDICTION_FEEDBACK"
            ]
        },
        "schema_definition" : {
            "type" : "string",
            "enum" : [
                "PredictionFeedback"
            ]
        },
        "action":{
            "$ref":"/resources/schema/analytics/client/v2/ClickActionType.json",
            "description":"Required .. Log Click if user clicks on Alerts and Warnings under profile. Log Back if user clicks back."
        },
        "impression_id" : {
            "type" : "string",
            "description" : "unique id for display for which user found all predictions incorrect and want to provide feedback"
        },
        "card_id" : {
            "type" : "string",
            "description" : "Identifier for individual cards"
        },
        "feedback_list" : {
            "type" : "array",
            "items": {
                "$ref": "/resources/schema/analytics/client/v2/PredictionFeedbackListItem.json"
            },        
		"description": "list of feedbacks"
		}
    },
    "required" : [
        "log_context",
        "event_name",
        "action",
        "impression_id",
        "card_id"
    ]
}