{
	"$schema":"http://json-schema.org/draft-04/schema#",
	"title":"PredictiveNavigation",
	"type":"object",
	"additionalProperties":false,
	"description":"Analytics-v2 .. Predictive Navigation object",
	"properties":{
		"log_context":{
			"$ref":"/resources/schema/analytics/client/v2/LogContext.json",
			"description":"Required Log Context Reference"
		},
		"event_name":{
			"type": "string",
			"enum": ["PREDICTIVE_NAVIGATION"]		
		},
		"schema_definition":{
			"type": "string",
			"enum": ["PredictiveNavigation"]
		},
		"action":{
			"$ref":"/resources/schema/analytics/client/v2/ClickActionType.json",
			"description":"Required .. Log Click if user clicks on Alerts and Warnings under profile. Log Back if user clicks back."
		},
		"sdcard_cid":{
			"type": "string",
			"description":"SD card CID"
		},
		"predictive_nav_setting":{
			"$ref":"/resources/schema/analytics/client/v2/SettingType.json",
			"description":""
		},
		"trigger":{
			"$ref":"/resources/schema/analytics/client/v2/FTUESetting.json",
			"description":""
		},
		"interaction_method": {
			"$ref": "/resources/schema/analytics/client/v2/InteractionMethodValues.json",
			"description": "for each user interaction log the interation method"
		}
	},
	"required":[
		"log_context",
		"event_name",
		"schema_definition",
		"action",
		"trigger",
		"predictive_nav_setting"
	]
}