{
	"$schema":"http://json-schema.org/draft-04/schema#",
	"title":"PrivacyStatement",
	"type":"object",
	"additionalProperties":false,
	"description":"Analytics-v2 .. Privacy Statement object",
	"properties":{
		"log_context":{
			"$ref":"/resources/schema/analytics/client/v2/LogContext.json",
			"description":"Required Log Context Reference"
		},
		"event_name":{
			"type": "string",
			"enum": ["PRIVACY_STATEMENT"]		
		},
		"schema_definition":{
			"type": "string",
			"enum": ["PrivacyStatement"]
		},
		"action":{
			"$ref":"/resources/schema/analytics/client/v2/TermsActionType.json",
			"description":"Required .. Log Click when the Privacy Statement screen is displayed by either clicking on the option in Profile/Settings or the link on the FTUE splash-screen. Log Back when user exits from the page."
		},
		"trigger":{
			"$ref":"/resources/schema/analytics/client/v2/ActivityTriggerType.json",
			"description":"Whether the Privacy statement page was displayed because of FTUE  or whether user clicked from profile"
		},
		"interaction_method": {
			"$ref": "/resources/schema/analytics/client/v2/InteractionMethodValues.json",
			"description": "for each user interaction log the interation method"
		}
		
	},
	"required":[
		"log_context",
		"event_name",
		"schema_definition",
		"action"
	]
}