{
	"$schema":"http://json-schema.org/draft-04/schema#",
	"title":"ReleaseNotes",
	"type":"object",
	"additionalProperties":false,
	"description":"Analytics-v2 .. Release Notes object",
	"properties":{
		"log_context":{
			"$ref":"/resources/schema/analytics/client/v2/LogContext.json",
			"description":"Required Log Context Reference"
		},
		"event_name":{
			"type": "string",
			"enum": ["RELEASE_NOTES"]		
		},
		"schema_definition":{
			"type": "string",
			"enum": ["ReleaseNotes"]
		},
		"action":{
			"$ref":"/resources/schema/analytics/client/v2/SwipeActionType.json",
			"description":"Required .. Log Click when user clicks on What's New. Log Left/Right depending on direction user swipes. Log Close when user closes the page."
		}
		
	},
	"required":[
		"log_context",
		"event_name",
		"schema_definition",
		"action"
	]
}