{
	"$schema":"http://json-schema.org/draft-04/schema#",
	"title":"ReportNavIssue",
	"type":"object",
	"additionalProperties":false,
	"description":"Analytics-v2 .. Report Navigation Issue object",
	"properties":{
		"log_context":{
			"$ref":"/resources/schema/analytics/client/v2/LogContext.json",
			"description":"Required Log Context Reference"
		},
		"event_name":{
	    		"type": "string",
	    		"enum": ["REPORT_NAV_ISSUE"]		
		},
		"schema_definition":{
	    		"type": "string",
	    		"enum": ["ReportNavIssue"]
		},
		"action":{
			"$ref":"/resources/schema/analytics/client/v2/ReportActionType.json",
			"description":"Required .. Log Click when user taps on the report navigation issue button. Log Submitor Cancel or Back depending on what the user action"
		},
		"description":{
			"$ref":"/resources/schema/analytics/client/v2/ReportNavIssueType.json",
			"description":"Navigation time issue that's being reported."
		},
		"notes":{
			"type":"string",
			"description":"Nav issue description typed in by user."
		},
		"nav_id":{
			"type":"string",
			"description":"LogID of Navigation where issue was reported from, if during drive."
		},
		"distance":{
			"type":"number",
			"description":"Distance driven when issue reported if during Navigation."
		},
		"duration":{
			"type":"number",
			"description":"Time driven when issue reported if during Navigation."
		},
		"status":{
			"$ref":"/resources/schema/analytics/client/v2/StatusType.json",
			"description":"Successfully submitted or not if action was Submit."
		}
		
	},
	"required":[
		"log_context",
		"event_name",
		"schema_definition",
		"action"
	]
}