{
	"$schema":"http://json-schema.org/draft-04/schema#",
	"title":"ReportTraffic",
	"type":"object",
	"additionalProperties":false,
	"description":"Analytics-v2 .. Report Traffic object",
	"properties":{
		"log_context":{
			"$ref":"/resources/schema/analytics/client/v2/LogContext.json",
			"description":"Required Log Context Reference"
		},
		"event_name":{
	    		"type": "string",
	    		"enum": ["REPORT_TRAFFIC"]		
		},
		"schema_definition":{
	    		"type": "string",
	    		"enum": ["ReportTraffic"]
		},
		"action":{
			"$ref":"/resources/schema/analytics/client/v2/ReportActionType.json",
			"description":"Required .. Log Click when user taps on the report traffic button. Log Submit or Cancel or Back depending on what the user action"
		},
		"display_screen":{
			"$ref":"/resources/schema/analytics/client/v2/ReportDisplayScreenType.json",
			"description":"Required .. Screen from which the issue is being reported."
		},
		"description":{
			"$ref":"/resources/schema/analytics/client/v2/ReportTrafficDescType.json",
			"description":"Issue being reported."
		},
		"nav_id":{
			"type":"string",
			"description":"LogID of Navigation where issue was reported from if during drive."
		},
		"distance":{
			"type":"number",
			"description":"Distance driven when issue reported if during Navigation in miles."
		},
		"duration":{
			"type":"number",
			"description":"Time driven when issue reported if during Navigation in minutes."
		},
		"status":{
			"$ref":"/resources/schema/analytics/client/v2/StatusType.json",
			"description":"Successfully submitted or not if action was Submit."
		}
		
	},
	"required":[
		"log_context",
		"event_name",
		"schema_definition",
		"action",
		"display_screen"
	]
}