{
    "$schema" : "http://json-schema.org/draft-04/schema#",
    "title" : "ResizeDetail",
    "type" : "object",
    "additionalProperties" : false,
    "description" : "Analytics-v2 .. Resize Detail object",
    "properties" : {
        "log_context" : {
            "$ref" : "/resources/schema/analytics/client/v2/LogContext.json",
            "description" : "Required Log Context Reference"
        },
        "event_name" : {
            "type" : "string",
            "enum" : [
                "RESIZE_DETAIL"
            ]
        },
        "schema_definition" : {
            "type" : "string",
            "enum" : [
                "ResizeDetail"
            ]
        },
        "action" : {
            "$ref" : "/resources/schema/analytics/client/v2/ResizeActionType.json",
            "description" : "Required .. Whether expanded or collapsed the details card."
        },
        "size" : {
            "$ref" : "/resources/schema/analytics/client/v2/CardSizeType.json",
            "description" : "Required .. Size of the card on screen."
        },
        "entity_id" : {
            "type" : "string",
            "description" : "Required Entity ID of the address or POI if is_sponsored is false."
        },
        "merchant_id" : {
            "type" : "string",
            "description" : "Merchant ID offering the coupon."
        },
        "distance" : {
            "type" : "number",
            "description" : "Required .. Calculated distance."
        },
        "category_id" : {
            "type" : "string",
            "description" : "Category ID of the place"
        },
        "category" : {
            "type" : "string",
            "description" : "Required .. Category like Address, Thai, Coffee, etc displayed on Place Details"
        },
        "is_sponsored" : {
            "type" : "boolean",
            "description" : "Whether advertised or organic if resulted from a search"
        },
        "search_id" : {
            "type" : "string",
            "description" : "LogID of Search that led to the detail page if from search result"
        },
        "coupon_detail_id" : {
            "type" : "string",
            "description" : "LogID of CouponDetails that led to the detail page if from coupons page"
        },
        "coupon_flag" : {
            "type" : "boolean",
            "description" : "Whether a coupon is associated with the POI or not"
        },
        "is_active" : {
            "type" : "boolean",
            "description" : "Whether a coupon is active/redeemable or not. If grayed out due to maxed out redeems, status should reflect inactive."
        }
    },
    "required" : [
        "log_context",
        "event_name",
        "schema_definition",
        "action",
        "size",
        "distance",
        "category",
        "is_sponsored"
    ]
}