{
	"$schema":"http://json-schema.org/draft-04/schema#",
	"title":"RoadDebris",
	"type":"object",
	"additionalProperties":false,
	"description":"ATW Roadsense Road debris",
	"properties":{
		"log_context":{
			"$ref":"/resources/schema/analytics/client/v2/LogContext.json",
			"description":"Required Log Context Reference"
		},
		"event_name":{
			"type":"string",
			"enum":[
				"ROADDEBRIS"
			]
			
		},
		"schema_definition":{
			"type":"string",
			"enum":[
				"RoadDebris"
			]
			
		},
		"debris":{
			"type" : "number",
			"description":"Range between 0 to 225"
		}
		
	},
	"required":[
		"log_context",
		"event_name",
		"schema_definition",
		"debris"
	]
}