{
	"$schema":"http://json-schema.org/draft-04/schema#",
	"title":"RotationAxes",
	"type":"object",
	"additionalProperties":false,
	"description":"Analytics-v2 .. basic Rotation Axes",
	"properties":{
		"rotation_x_axis":{
			"type":"number",
			"description":"orientation of a device along the X axis"
		},
		"rotation_y_axis":{
			"type":"number",
			"description":"orientation of a device along the Y axis"
		},
		"rotation_z_axis":{
			"type":"number",
			"description":"orientation of a device along the Z axis"
		}
	},
	"required":[
		"rotation_x_axis",
		"rotation_y_axis",
		"rotation_z_axis"
	]
	
}