{
	"$schema": "http://json-schema.org/draft-04/schema#",
	"title": "RouteEdges",
	"type": "object",
	"additionalProperties": false,
	"description": "Analytics-v2 .. Route Edges object",
	"properties": {
		"log_context": {
			"$ref": "/resources/schema/analytics/client/v2/LogContext.json",
			"description": "Required Log Context Reference"
		},
		"event_name": {
			"type": "string",
			"enum": ["ROUTE_EDGES"]
		},
		"schema_definition": {
			"type": "string",
			"enum": ["RouteEdges"]
		},
		"start_engine_id": {
			"type": "string",
			"description": "Required .. Log id of the START_ENGINE event preceding the navigation"
		},
		"route_id": {
			"type": "string",
			"description": "Log id of the ROUTE chosen, if not in follow-me mode. If in follow-me mode then route_id would be null"
		},
		"recommended_edge_id_list": {
			"type": "array",
			"items": {
				"$ref": "/resources/schema/analytics/client/v2/EdgeListItem.json"
			},
			"minItems": 1,
			"description": "Required List of edge IDs recommended for navigation"
		}
	},
	"required": [
		"log_context",
		"event_name",
		"schema_definition",
		"start_engine_id",
		"recommended_edge_id_list"
	]
}