{
    "$schema" : "http://json-schema.org/draft-04/schema#",
    "title" : "RouteListItemType",
    "type" : "object",
    "additionalProperties" : false,
    "description" : "TAnalytics-v2 .. Route List Item for Mileage tracking events",
    "properties" : {
        "position" : {
            "type" : "number",
            "description" : "Position of trip in the list"
        },
        "origin_lat" : {
            "type" : "number",
            "description" : "Origin latitude"
        },
        "origin_lon" : {
            "type" : "number",
            "description" : "Origin longitude"
        },
        "dest_lat" : {
            "type" : "number",
            "description" : "Destination latitude"
        },
        "dest_lon" : {
            "type" : "number",
            "description" : "Destination longitude"
        }
    },
    "required" : [
        "origin_lat",
        "origin_lon",
        "dest_lat",
        "dest_lon"
    ]
}