{
    "$schema" : "http://json-schema.org/draft-04/schema#",
    "title" : "RouteInfoListItem",
    "type" : "object",
    "additionalProperties" : false,
    "description" : "TAnalytics-v2 .. Predictive card object",
    "properties" : {
        "eta" : {
            "type" : "number",
            "description" : "ETA time"
        },
        "route_id" : {
            "type" : "number",
            "description" : "route id for each route"
        },
        "traffic" : {
            "type" : "string",
            "description" : "Traffic information, possible value - NO_TRAFFIC, HEAVY_TRAFFIC, MODERATE _TRAFFIC"
        },
        "position" : {
            "type" : "string",
            "description" : "Route position in the card"
        }
    },
    "required" : [
        "route_id"
    ]
}