{
	"$schema":"http://json-schema.org/draft-04/schema#",
	"title":"RouteMode",
	"type":"object",
	"additionalProperties":false,
	"description":"Analytics-v2 .. Route Mode object",
	"properties":{
		"log_context":{
			"$ref":"/resources/schema/analytics/client/v2/LogContext.json",
			"description":"Required Log Context Reference"
		},
		"event_name":{
			"type": "string",
			"enum": ["ROUTE_MODE"]		
		},
		"schema_definition":{
			"type": "string",
			"enum": ["RouteMode"]
		},
		"action":{
			"$ref":"/resources/schema/analytics/client/v2/ClickActionType.json",
			"description":"Required .. Log click when user clicks on the tab for auto or pedestrian."
		},
		"mode":{
			"$ref":"/resources/schema/analytics/client/v2/RouteModeType.json",
			"description":"Required.. Whether the tab for automobile or pedestrian."
		}
		
	},
	"required":[
		"log_context",
		"event_name",
		"schema_definition",
		"action",
		"mode"
	]
}