{
	"$schema":"http://json-schema.org/draft-04/schema#",
	"title":"SelectTrips",
	"type":"object",
	"additionalProperties":false,
	"description":"Analytics-v2 .. Select Trips object",
	"properties":{
		"log_context":{
			"$ref":"/resources/schema/analytics/client/v2/LogContext.json",
			"description":"Required Log Context Reference"
		},
		"event_name":{
			"type": "string",
			"enum": ["SELECT_TRIPS"]		
		},
		"schema_definition":{
			"type": "string",
			"enum": ["SelectTrips"]
		},
		"action":{
			"$ref":"/resources/schema/analytics/client/v2/SelectTripsActionType.json",
			"description":"Required .. Log Click when user clicks to edit trips. Log as SelectAll/DeselectAll when user clicks on SelectAll/DeselectAll button.If user picks and selects specific trips, log as Select. Log Move/Delete/Cancel depending on user choice on following screen. If user clicks on some trips to deselect, log as deselect"
		},
		"display_screen":{
			"$ref":"/resources/schema/analytics/client/v2/MileageTripType.json",
			"description":"Required .. Mileage grouping tab under which the selection was done."
		},
		"number_of_trips":{
			"type":"number",
			"description":"Number of trips selected."
		}
		
	},
	"required":[
		"log_context",
		"event_name",
		"schema_definition",
		"action",
		"display_screen"
	]
}