{
	"$schema":"http://json-schema.org/draft-04/schema#",
	"title":"ShareETA",
	"type":"object",
	"additionalProperties":false,
	"description":"Analytics-v2 .. Share ETA object",
	"properties":{
		"log_context":{
			"$ref":"/resources/schema/analytics/client/v2/LogContext.json",
			"description":"Required Log Context Reference"
		},
		"event_name":{
			"type":"string",
			"enum":[
				"SHARE_ETA"
			]
			
		},
		"schema_definition":{
			"type":"string",
			"enum":[
				"ShareETA"
			]
			
		},
		"action":{
			"$ref":"/resources/schema/analytics/client/v2/ClickActionType.json",
			"description":"Required .. Log as Click if user clicks on ShareETA in a route plan. Log Select or Cancel depending on user action in next page."
		},
		"display_screen":{
			"$ref":"/resources/schema/analytics/client/v2/ShareETADisplay.json",
			"description":"where Share eta is clicked from"
		},
		"share_type":{
			"$ref":"/resources/schema/analytics/client/v2/ShareType.json",
			"description":"Medium used for the share if action is select."
		},
		"eta":{
			"type":"number",
			"description":"Required .. Calculated ETA for route being shared. "
		},
		"entity_id":{
			"type":"string",
			"description":"Required .. EntityID of the destination for which route was calculated."
		},
		"route_id":{
			"type":"string",
			"description":"Required .. LogID of the route being shared."
		},
		"display_screen":{
			"$ref":"/resources/schema/analytics/client/v2/RouteDisplayScreenType.json",
			"description":"The screen from which share ETA was clicked."
		}
		
	},
	"required":[
		"log_context",
		"event_name",
		"schema_definition",
		"action",
		"entity_id"
	]
}