{
	"$schema":"http://json-schema.org/draft-04/schema#",
	"title":"ShareApp",
	"type":"object",
	"additionalProperties":false,
	"description":"Analytics-v2 .. Share App object",
	"properties":{
		"log_context":{
			"$ref":"/resources/schema/analytics/client/v2/LogContext.json",
			"description":"Required Log Context Reference"
		},
		"event_name":{
			"type": "string",
			"enum": ["SHARE_APP"]		
		},
		"schema_definition":{
			"type": "string",
			"enum": ["ShareApp"]
		},
		"action":{
			"$ref":"/resources/schema/analytics/client/v2/ClickActionType.json",
			"description":"Required .. Log as Click if user clicks on Share app in profile. Log Select or Cancel depending on user action in next page."
		},
		"share_type":{
			"$ref":"/resources/schema/analytics/client/v2/ShareType.json",
			"description":"Medium used for the share if action is select."
		}
		
	},
	"required":[
		"log_context",
		"event_name",
		"schema_definition",
		"action"
	]
}