{
	"$schema":"http://json-schema.org/draft-04/schema#",
	"title":"Slippery",
	"type":"object",
	"additionalProperties":false,
	"description":"ATW Roadsense Slippery",
	"properties":{
		"log_context":{
			"$ref":"/resources/schema/analytics/client/v2/LogContext.json",
			"description":"Required Log Context Reference"
		},
		"event_name":{
			"type":"string",
			"enum":[
				"SLIPPERY"
			]
			
		},
		"schema_definition":{
			"type":"string",
			"enum":[
				"Slippery"
			]
			
		},
		"slip":{
			"$ref":"/resources/schema/analytics/client/v2/BooleanType.json",
			"description":"Boolean value to see if a slip occurred: 1 if slip or 0 if not"
		},
		"max_acceleration":{
			"type" : "number",
			"description":"The max acceleration during the slip event"
		}
		
	},
	"required":[
		"log_context",
		"event_name",
		"schema_definition",
		"slip",
		"max_acceleration"
	]
}