{
    "$schema": "http://json-schema.org/draft-04/schema#",
    "title": "SpaceTransactionListItems",
    "type": "object",
    "additionalProperties": false,
    "description": "TAnalytics-v2 .. List Item Space Transaction list",
    "properties": {
        "space_id": {
            "type": "string",
            "description": "space id"
        },
        "transaction_tag": {
            "type": "string",
            "description": "transaction tag for corresponding space id"
        }
    },
    "required": [
        "space_id",
        "transaction_tag"
    ]
}