{
	"$schema":"http://json-schema.org/draft-04/schema#",
	"title":"SwipeRecent",
	"type":"object",
	"additionalProperties":false,
	"description":"Analytics-v2 .. Swipe Recent object",
	"properties":{
		"log_context":{
			"$ref":"/resources/schema/analytics/client/v2/LogContext.json",
			"description":"Required Log Context Reference"
		},
		"event_name":{
			"type": "string",
			"enum": ["SWIPE_RECENT"]		
		},
		"schema_definition":{
			"type": "string",
			"enum": ["SwipeRecent"]
		},
		"action":{
			"$ref":"/resources/schema/analytics/client/v2/DeleteActionType.json",
			"description":"Required .. Swipe direction."
		},
		"category_id":{
			"type":"string",
			"description":"Required .. Category ID of the place"
		},
		"category":{
			"type":"string",
			"description":"Required .. Category like Address, Thai, Coffee, etc displayed in Details"
		},
		"entity_id":{
			"type":"string",
			"description":"Required .. Entity ID of the POI or address swiped"
		},
		"status":{
			"$ref":"/resources/schema/analytics/client/v2/StatusType.json",
			"description":"If Action was Delete, then whether successfully deleted or not"
		}
		
	},
	"required":[
		"log_context",
		"event_name",
		"schema_definition",
		"action",
		"entity_id"
	]
}