{
    "$schema" : "http://json-schema.org/draft-04/schema#",
    "title" : "SystemError",
    "type" : "object",
    "additionalProperties" : false,
    "description" : "TAnalytics-v2 .. System error event",
    "properties" : {
        "log_context" : {
            "$ref" : "/resources/schema/analytics/client/v2/LogContext.json",
            "description" : "Required Log Context Reference"
        },
        "event_name" : {
            "type" : "string",
            "enum" : [
                "SYSTEM_ERROR"
            ]
        },
        "schema_definition" : {
            "type" : "string",
            "enum" : [
                "SystemError"
            ]
        },
        "trigger" : {
            "$ref": "/resources/schema/analytics/client/v2/SystemErrorTrigger.json",
            "description" : "Trigger for the event"
        },
        "type":{
            "type":"string",
            "description":"Additional information related to trigger. Send when trigger is one of these: SEARCH_REQUEST_TIMEOUT,ROUTE_REQUEST_TIMEOUT,NAV_REQUEST_TIMEOUT"
        }
    },
    "required" : [
        "log_context",
        "event_name",
        "trigger"
    ]
}