{
	"$schema":"http://json-schema.org/draft-04/schema#",
	"title":"TabBar",
	"type":"object",
	"additionalProperties":false,
	"description":"Analytics-v2 .. Tab Bar object",
	"properties":{
		"log_context":{
			"$ref":"/resources/schema/analytics/client/v2/LogContext.json",
			"description":"Required Log Context Reference"
		},
		"event_name":{
			"type": "string",
			"enum": ["TAB_BAR"]		
		},
		"schema_definition":{
			"type": "string",
			"enum": ["TabBar"]
		},
		"action":{
			"$ref":"/resources/schema/analytics/client/v2/ClickActionType.json",
			"description":"Required .. Log as Click when user clicks on tab. Back if user clicks back to return to Dashboard"
		},
		"type":{
			"$ref":"/resources/schema/analytics/client/v2/TabBarType.json",
			"description":"Required .. Name of the tab that was tapped on"
		},
		"display_screen":{
			"$ref":"/resources/schema/analytics/client/v2/TabDisplayScreenType.json",
			"description":"Required .. Screen displayed on tab click.If there's only a default screen for the tab, log default. If Mileage, whether display page is NewTrips, Business or Personal. For gas, whether regular, plus ,etc"
		},
		"number_of_listed_items":{
			"type":"number",
			"description":"Number of places under Likes,Recents,Coupons,etc shown in the tab clicked on"
		}
		
	},
	"required":[
		"log_context",
		"event_name",
		"schema_definition",
		"action",
		"type",
		"display_screen"
	]
}