{
    "$schema": "http://json-schema.org/draft-04/schema#",
    "title": "TrafficSource",
    "type": "object",
    "additionalProperties": false,
    "description": "TAnalytics-v2 .. Traffic Source event",
    "properties": {
        "log_context": {
            "$ref": "/resources/schema/analytics/client/v2/LogContext.json",
            "description": "Required Log Context Reference"
        },
        "event_name": {
            "type": "string",
            "enum": ["TRAFFIC_SOURCE"]
        },
        "schema_definition": {
            "type": "string",
            "enum": ["TrafficSource"]
        },
        "trigger": {
            "$ref": "/resources/schema/analytics/client/v2/TrafficSourceTriggerType.json",
            "description": "Trigger for the event"
        },
        "traffic_source": {
            "$ref": "/resources/schema/analytics/client/v2/TrafficSourceType.json",
            "description": "Traffic source name"
        },
        "traffic_provider": {
            "type": "string",
            "description": "Traffic provider name"
        },
        "switch_time": {
            "type": "integer",
            "description": "Time taken to switch from previous source to current source in milliseconds"
        }
    },
    "required": [
        "log_context",
        "event_name",
        "schema_definition",
        "trigger",
        "traffic_source",
        "switch_time"
    ]
}