{
	"$schema":"http://json-schema.org/draft-04/schema#",
	"title":"TripReclassify",
	"type":"object",
	"additionalProperties":false,
	"description":"Analytics-v2 .. Trip Reclassify object",
	"properties":{
		"log_context":{
			"$ref":"/resources/schema/analytics/client/v2/LogContext.json",
			"description":"Required Log Context Reference"
		},
		"event_name":{
	    		"type": "string",
	    		"enum": ["TRIP_RECLASSIFY"]		
		},
		"schema_definition":{
	    		"type": "string",
	    		"enum": ["TripReclassify"]
		},
		"display_screen":{
			"$ref":"/resources/schema/analytics/client/v2/MileageTripType.json",
			"description":"Required .. The screen inside the Mileage tab that is displayed."
		},
		"trips":{
			"type" : "number",
            		"description" : "Required .. Number of trips under the tab"			
		},
        	"route_list" : {
            		"type" : "array",
            		"items" : {
               		    "$ref" : "/resources/schema/analytics/client/v2/RouteListItemType.json"
            		},
            		"minItems" : 1,
            		"description" : "Required List of origin and destination lat and longs that were reclassified"
        	},
		"new_group":{
			"$ref":"/resources/schema/analytics/client/v2/MileageTripType.json",
			"description":"Required .. New classification to which the trips are being moved."
		}
		
		
	},
	"required":[
		"log_context",
		"event_name",
		"schema_definition",
		"display_screen",
		"trips",
		"route_list",
		"new_group"
	]
}