{
	"$schema":"http://json-schema.org/draft-04/schema#",
	"title":"UpdateOkToBoot",
	"type":"object",
	"additionalProperties":false,
	"description":"Analytics-v2 .. UpdateOkToBoot object",
	"properties":{
		"log_context":{
			"$ref":"/resources/schema/analytics/client/v2/LogContext.json",
			"description":"Required Log Context Reference"
		},
		"event_name":{
			"type": "string",
			"enum": ["UPDATE_OK_TO_BOOT"]		
		},
		"schema_definition":{
			"type": "string",
			"enum": ["UpdateOkToBoot"]
		},
		"GUID":{
			"type":"string",
			"description":"Required .. id of device."
		},
		"summary_id":{
			"type":"string",
			"description":"unique id for each summary"
		},
		"transaction_tag": {
			"type": "string",
			"description": "transaction tag"
		}
	},
	"required":[
		"log_context",
		"event_name",
		"schema_definition",
		"GUID",
		"summary_id"
	]
}