{
	"$schema":"http://json-schema.org/draft-04/schema#",
	"title":"UpdateArea",
	"type":"object",
	"additionalProperties":false,
	"description":"Analytics-v2 .. Update Area object",
	"properties":{
		"log_context":{
			"$ref":"/resources/schema/analytics/client/v2/LogContext.json",
			"description":"Required Log Context Reference"
		},
		"event_name":{
			"type": "string",
			"enum": ["UPDATE_AREA"]		
		},
		"schema_definition":{
			"type": "string",
			"enum": ["UpdateArea"]
		},
		"space_count":{
			"type":"number",
			"description":"count of the number of spaces being updated"
		},
		"GUID":{
			"type":"string",
			"description":"Required .. id of device."
		},
		"space_ids": {
    		"type": "array",
			"items": {
				"type": "string"
			},			
			"description": "Array of spaces IDs"    		
    	}
		
	},
	"required":[
		"log_context",
		"event_name",
		"schema_definition"

	]
}