{
	"$schema":"http://json-schema.org/draft-04/schema#",
	"title":"UpdateSummary",
	"type":"object",
	"additionalProperties":false,
	"description":"Analytics-v2 .. Update Summary object",
	"properties":{
		"log_context":{
			"$ref":"/resources/schema/analytics/client/v2/LogContext.json",
			"description":"Required Log Context Reference"
		},
		"event_name":{
			"type": "string",
			"enum": ["UPDATE_SUMMARY"]		
		},
		"schema_definition":{
			"type": "string",
			"enum": ["UpdateSummary"]
		},
		"space_count":{
			"type":"number",
			"description":"count of the number of spaces being updated"
		},
		"size":{
			"type":"number",
			"description":"Total size of delta updates"
		},
		"count":{
			"type":"number",
			"description":"file count"
		},
		"GUID":{
			"type":"string",
			"description":"Required .. id of device."
		},
		"new_transaction_tags":{
			"type": "array",
			"items": {
				"type": "string"
			},
			"description":"Array of Transaction Tags"
		},
		"summary_id":{
			"type":"string",
			"description":"unique id for each summary"
		},
		"current_space_info":{
			"type": "array",
			"items": {
				"$ref":"/resources/schema/analytics/client/v2/SpaceLayerInfo.json"
			},			
			"description":"Array of Space,layer and transaction tag information of the current data on client for this request."
		}
	},
	"required":[
		"log_context",
		"event_name",
		"schema_definition",
		"space_count",
		"summary_id"
	]
}