{
        "$schema":"http://json-schema.org/draft-04/schema#",
        "title":"UserBetaFeedback",
        "type":"object",
        "additionalProperties":false,
        "description":"Analytics-v2 .. User Beta Feedback event for Lahaina Canada Beta customer",
        "properties":{
                "log_context":{
                        "$ref":"/resources/schema/analytics/client/v2/LogContext.json",
                        "description":"Required Log Context Reference"
                },
                "event_name":{
                        "type": "string",
                        "enum": ["USER_BETA_FEEDBACK"]         
                },
                "schema_definition":{
                        "type": "string",
                        "enum": ["UserBetaFeedback"]
                },
                "feedback_type":{
                        "$ref":"/resources/schema/analytics/client/v2/FeedbackTypeValues.json",
                        "description":"Required: Users feedback type"
                },
                "feedback_rating":{ 
                        "type": "integer",
                        "description":"Integer rating given for feedback. Range 0-5",
                        "minimum": 0,
                        "maximum": 5
                },
                "feedback_content":{
                        "type":"string",
                        "description":"Users feedback comments in string format, max length 200 chars"
                }
                
        },
        "required":[
                "log_context",
                "event_name",
                "schema_definition",
                "feedback_type"
        ]
}
