{
	"$schema":"http://json-schema.org/draft-04/schema#",
	"title":"UserLogout",
	"type":"object",
	"additionalProperties":false,
	"description":"Analytics-v2 .. User Logout object",
	"properties":{
		"log_context":{
			"$ref":"/resources/schema/analytics/client/v2/LogContext.json",
			"description":"Required Log Context Reference"
		},
		"event_name":{
			"type": "string",
			"enum": ["USER_LOGOUT"]		
		},
		"schema_definition":{
			"type": "string",
			"enum": ["UserLogout"]
		},
		"credential_type":{
			"$ref":"/resources/schema/analytics/client/v2/CredentialType.json",
			"description":"Required .. Type of login credentials."
		},
		"credential_key":{
			"type":"string",
			"description":"Required .. Email or credential key for the user."
		},
		"first_name":{
			"type":"string",
			"description":"First Name."
		},
		"last_name":{
			"type":"string",
			"description":"Last Name."
		}
		
	},
	"required":[
		"log_context",
		"event_name",
		"schema_definition",
		"credential_type",
		"credential_key"
	]
}