{
	"$schema": "http://json-schema.org/draft-04/schema#",
	"title": "VehicleGpsSensorItems.json",
	"type": "object",
	"properties": {
		"vehicle_lat": {
			"type": "number",
			"description": "current latitude for this sensor"
		},
		"vehicle_lon": {
			"type": "number",
			"description": "Current longitude for this sensor"
		},
		"timestamp": {
			"type": "integer",
			"description": "Required timestamp in milliseconds for event/click"
		},
		"heading": {
			"type": "number",
			"minimum": 0,
			"maximum": 525.0,
			"description": "Positioning System Heading in degrees"
		},
		"elevation": {
			"type": "number",
			"minimum": -100000,
			"maximum": 1997151.0,
			"description": "Positioning System Elevation in cm"
		},
		"speed": {
			"type": "number",
			"minimum": 0,
			"maximum": 150.0,
			"description": "Positioning System Calculated Speed in m/s"
		},
		"precision": {
			"type": "number",
			"minimum": 0,
			"maximum": 103.0,
			"description": "Positioning System Dilution of Precision"
		},
		"mode": {
			"type": "integer",
			"minimum": 0,
			"maximum": 7,
			"description": "Positioning System Dilution of Precision"
		}
	},
	"required": [
		"vehicle_lat",
		"vehicle_lon",
		"timestamp"
	]
}