{
	"$schema":"http://json-schema.org/draft-04/schema#",
	"title":"ViewSuggestion",
	"type":"object",
	"additionalProperties":false,
	"description":"Analytics-v2 .. View Suggestion object",
	"properties":{
		"log_context":{
			"$ref":"/resources/schema/analytics/client/v2/LogContext.json",
			"description":"Required Log Context Reference"
		},
		"event_name":{
			"type": "string",
			"enum": ["VIEW_SUGGESTION"]		
		},
		"schema_definition":{
			"type": "string",
			"enum": ["ViewSuggestion"]
		},
		"action":{
			"$ref":"/resources/schema/analytics/client/v2/ClickActionType.json",
			"description":"Required .. Log Click if user clicked on a Suggestion. Log Scroll if user scrolled on screen to view more suggestions."
		}
		
	},
	"required":[
		"log_context",
		"event_name",
		"schema_definition",
		"action"
	]
}