{
	"$schema":"http://json-schema.org/draft-04/schema#",
	"title":"ViewCommuteReport",
	"type":"object",
	"additionalProperties":false,
	"description":"Analytics-v2 .. View Commute Report",
	"properties":{
		"log_context":{
			"$ref":"/resources/schema/analytics/client/v2/LogContext.json",
			"description":"Required Log Context Reference"
		},
		"event_name":{
			"type": "string",
			"enum": ["VIEW_COMMUTE_REPORT"]		
		},
		"schema_definition":{
			"type": "string",
			"enum": ["ViewCommuteReport"]
		},
		"action":{
			"$ref":"/resources/schema/analytics/client/v2/ClickActionType.json",
			"description":"Required .. Whether user clicked on or dismissed the alert."
		},
		"type":{
			"$ref":"/resources/schema/analytics/client/v2/CommuteAlertType.json",
			"description":"Required .. Whether HomeToWork alert or WorkToHome alert received."
		},
		"entity_id":{
			"type":"string",
			"description":"Required .. EntityID of destination."
		},
		"eta":{
			"type":"number",
			"description":"Required .. Calculated ETA in minutes for which the alert was received."
		},
		"number_of_incidents":{
			"type":"number",
			"description":"The number of traffic incidents displayed on the route."
		}
		
	},
	"required":[
		"log_context",
		"event_name",
		"schema_definition",
		"action",
		"type",
		"entity_id",
		"eta"
	]
}