{
	"$schema":"http://json-schema.org/draft-04/schema#",
	"title":"MenuClick",
	"type":"object",
	"additionalProperties":false,
	"description":"Analytics-v2 .. Share ETA object",
	"properties":{
		"log_context":{
			"$ref":"/resources/schema/analytics/client/v2/LogContext.json",
			"description":"Required Log Context Reference"
		},
		"event_name":{
			"type":"string",
			"enum":["MENU_CLICK"]
			
		},
		"schema_definition":{
			"type":"string",
			"enum":["MenuClick"]
			
		},
		"action":{
			"$ref":"/resources/schema/analytics/client/v2/MapViewAction.json",
			"description":"Required .. Log as Click if user clicks on ShareETA in a route plan. Log Select or Cancel depending on user action in next page."
		},
		"entity_id":{
			"type":"string",
			"description":"Required .. EntityID of the destination for which route was calculated."
		},
		"route_id":{
			"type":"string",
			"description":"Required .. LogID of the route being shared."
		}
		
	},
	"required":[
		"log_context",
		"event_name",
		"schema_definition",
		"action",
		"route_id",
		"entity_id"
	]
}