

{
	"$schema":"http://json-schema.org/draft-04/schema#",
	"title":"ViewMeetup",
	"type":"object",
	"additionalProperties":false,
	"description":"Analytics-v2 .. View Meetup object",
	"properties":{
		"log_context":{
			"$ref":"/resources/schema/analytics/client/v2/LogContext.json",
			"description":"Required Log Context Reference"
		},
		"event_name":{
			"type": "string",
			"enum": ["VIEW_MEETUP"]		
		},
		"schema_definition":{
			"type": "string",
			"enum": ["ViewMeetup"]
		},
		"action":{
			"$ref":"/resources/schema/analytics/client/v2/MeetupActionType.json",
			"description": "Log CLICK when user selects to go to meet up summary. DISPLAY only when the pop up shows as reminder on the MAP tab (collapsed view)"
		},
		"trigger":{
			"$ref":"/resources/schema/analytics/client/v2/MeetupTriggerType.json",
			"description":"How the view was triggered"
		},
		"user_type":{
			"$ref":"/resources/schema/analytics/client/v2/MeetupUserType.json",
			"description":"Whether user is ORGANIZER or PARTICIPANT.  This is ORGANIZER by default"
		},
		"group_id":{
			"type":"string",
			"description":"Unique group ID"
		},
		"group_members_list" : {
            		"type" : "array",
            		"items" : {
                			"$ref" : "/resources/schema/analytics/client/v2/GroupMembersListItem.json"
            			  },
            		"minItems" : 2,
            		"uniqueItems" : true,
            		"description" : "List of user IDs invited and flags for whether the user is an existing one or a new one"
        	},
        	"meetup_id":{
			"type":"string",
			"description":"Unique meetup Id"
		},
		"number_of_people":{
			"type":"number",
			"description":"Number of people in the meet up.  Non NULL for action=SAVE"
		},
		"entity_id":{
			"type":"string",
			"description":"Entity ID of the meet up"
		},
		"entity_address":{
			"type":"string",
			"description":"Address for the entity where meet up is created"
		},
		"category_id":{
			"type":"string",
			"description":"Category ID of the meet up location"
		},
		"category":{
			"type":"string",
			"description":"POI category like Coffee, Restaurants, Gas, ATM, etc."
		},
		"dest_lat":{
			"type":"number",
			"description":"Latitude of destination.  Sometimes entity ID lat long can be different from destination lat-long , ex: road located on opposite side of the edge"
		},
		"dest_lon":{
			"type":"number",
			"description":"Longitude of destination.  Sometimes entity ID lat long can be different from destination lat-long , ex: road located on opposite side of the edge"
		},
		"group_name":{
			"type":"string",
			"description":"Additional details added to the meet up, ex: name"
		},
		"meetup_time":{
			"type":"string",
			"description":"Time at which the meet up is scheduled"
		}
	},
	"required":[
		"log_context",
		"event_name",
		"schema_definition",
		"action",
		"trigger",
		"group_id",
		"meetup_id"
	]
}