{
    "$schema": "http://json-schema.org/draft-04/schema#",
    "title": "VinPair",
    "type": "object",
    "additionalProperties": false,
    "description": "TAnalytics-v2 .. Vin Pair event",
    "properties": {
        "log_context": {
            "$ref": "/resources/schema/analytics/client/v2/LogContext.json",
            "description": "Required Log Context Reference"
        },
        "event_name": {
            "type": "string",
            "enum": ["VIN_PAIR"]
        },
        "schema_definition": {
            "type": "string",
            "enum": ["VinPair"]
        },
        "sdcard_cid": {
            "type": "string",
            "description": "Required: SD card CID"
        },
        "vin_hash": {
            "type": "string",
            "description": "Required: Hash value of VIN"
        },
        "model_year": {
            "type": "string",
            "description": "Required: car model year code from the vin number - H for 2017,J for 2018 etc"
        },
        "vehicle_manufacturer": {
            "type": "string",
            "description": "Required: 2 letters code, designates the vehicle manufacturer"
        },
        "car_model": {
            "type": "string",
            "description": "Required: 5 letters field, denotes the vehicle's brand, engine size and type"
        }
    },
    "required": [
        "log_context",
        "event_name",
        "schema_definition",
        "sdcard_cid",
        "vin_hash",
        "model_year",
        "vehicle_manufacturer",
        "car_model"
    ]
}