{
	"$schema":"http://json-schema.org/draft-04/schema#",
	"title":"Install",
	"type":"object",
	"additionalProperties":false,
	"description":"Analytics-v2 .. App Activated object",
	"properties":{
	"log_context":{
			"$ref":"/resources/schema/analytics/client/v2/LogContext.json",
			"description":"Required Log Context Reference"
		},
		"event_name":{
			"type": "string",
			"enum": ["WATCH"]		
		},
		"schema_definition":{
			"type": "string",
			"enum": ["Watch"]
		},
		"type":{
			"$ref":"/resources/schema/analytics/client/v2/WatchType.json",
			"description":"Required .. Type of persistent location"
		}
		
	},
	"required":[
		"log_context",
		"event_name",
		"schema_definition",
		"type"
	]
}