{
	"$schema":"http://json-schema.org/draft-04/schema#",
	"title":"Weather",
	"type":"object",
	"additionalProperties":false,
	"description":"ATW Roadsense Weather",
	"properties":{
		"log_context":{
			"$ref":"/resources/schema/analytics/client/v2/LogContext.json",
			"description":"Required Log Context Reference"
		},
		"event_name":{
			"type":"string",
			"enum":[
				"WEATHER"
			]
			
		},
		"schema_definition":{
			"type":"string",
			"enum":[
				"Weather"
			]
			
		},
		"rain_average_level":{
			"type" : "number",
			"description":"the average rain level from 0 to 3."
		},
		"snow_average_level":{
			"type" : "number",
			"description":"the average snow level from 0 to 3."
		},
		"fog":{
			"$ref":"/resources/schema/analytics/client/v2/BooleanType.json",
			"description":"boolean to see if it is foggy or not. 1 is true 0 is false"
		}
	},
	"required":[
		"log_context",
		"event_name",
		"rain_average_level",
		"snow_average_level",
		"fog"
	]
}