{
	"$schema":"http://json-schema.org/draft-04/schema#",
	"title":"Widget",
	"type":"object",
	"additionalProperties":false,
	"description":"Analytics-v2 .. Gas Grade object",
	"properties":{
		"log_context":{
			"$ref":"/resources/schema/analytics/client/v2/LogContext.json",
			"description":"Required Log Context Reference"
		},
		"event_name":{
			"type": "string",
			"enum": ["WIDGET"]		
		},
		"schema_definition":{
			"type": "string",
			"enum": ["Widget"]
		},
		"trigger":{
			"$ref":"/resources/schema/analytics/client/v2/WidgetTrigger.json",
			"description":"Required .. Which widget is used when entering the app."
		},
		"meetup_id":{
			"type":"string",
			"description":"Log only if a meetup is created/opened. Unique meetup Id"
		},
		"number_of_people":{
			"type":"number",
			"description":"Log only if a meetup is created/opened. Number of people in the meet up.  Non NULL for action=SAVE"
		}
		
	},
	"required":[
		"log_context",
		"event_name",
		"schema_definition",
		"trigger"
	]
}