{
	"$schema":"http://json-schema.org/draft-04/schema#",
	"title":"YAH",
	"type":"object",
	"additionalProperties":false,
	"description":"Analytics-v2 .. YAH object",
	"properties":{
		"log_context":{
			"$ref":"/resources/schema/analytics/client/v2/LogContext.json",
			"description":"Required Log Context Reference"
		},
		"event_name":{
			"type": "string",
			"enum": ["YAH"]		
		},
		"schema_definition":{
			"type": "string",
			"enum": ["YAH"]
		},
		"action":{
			"$ref":"/resources/schema/analytics/client/v2/YAHActionType.json",
			"description":"Required .. Click to close or open YAH menu"
		}
		
	},
	"required":[
		"log_context",
		"event_name",
		"schema_definition",
		"action"
	]
}