{
	"$schema":"http://json-schema.org/draft-04/schema#",
	"title":"Zoom",
	"type":"object",
	"additionalProperties":false,
	"description":"Analytics-v2 .. Zoom object",
	"properties":{
		"log_context":{
			"$ref":"/resources/schema/analytics/client/v2/LogContext.json",
			"description":"Required Log Context Reference"
		},
		"event_name":{
			"type": "string",
			"enum": ["ZOOM"]		
		},
		"schema_definition":{
			"type": "string",
			"enum": ["Zoom"]
		},
		"trigger":{
			"$ref":"/resources/schema/analytics/client/v2/ZoomTrigger.json",
			"description":"Required .. The method employed to zoom the map"
		},
		"display_screen":{
			"$ref":"/resources/schema/analytics/client/v2/MapDisplayScreenType.json",
			"description":"Required .. The screen displayed when pinching to zoom the map"
		},
		"zoom_level":{
			"type":"number",
			"description":"Required .. Zoom level of map view."
		},
		"centroid_lat":{
			"type":"number",
			"description":"Required .. Centroid Latitude"
		},
		"centroid_lon":{
			"type":"number",
			"description":"Required .. Centroid Longitude"
		},
		"entity_id":{
			"type":"string",
			"description":"EntityID of the place if on PlaceDetails page"
		},
		"search_id":{
			"type":"string",
			"description":"LogID of Search that led to the result if Details page"
		},
		"interaction_method": {
			"$ref": "/resources/schema/analytics/client/v2/InteractionMethodValues.json",
			"description": "for each user interaction log the interation method"
		}
		
	},
	"required":[
		"log_context",
		"event_name",
		"trigger",
		"schema_definition",
		"display_screen",
		"zoom_level",
		"centroid_lat",
		"centroid_lon"
	]
}