{
	"$schema":"http://json-schema.org/draft-04/schema#",
	"title":"ADMCancel",
	"type":"object",
	"additionalProperties":false,
	"description":"Analytics-v4 .. ADM Cancel",
	"properties":{
    "log_context": {
        "$ref": "/resources/schema/analytics/client/v4/LogContext.json",
        "description": "Required Log Context Reference"
    },
    "event_name": {
        "type": "string",
        "enum": [
          "ADM_CANCEL"
        ]
    },
    "schema_definition": {
        "type": "string",
        "enum": [
          "ADMCancel"
        ]
    },
    "device_id":{
        "type": "string",
        "description": "Unique id of the device from which request is sent for cancel"
    },
    "token": {
        "type": "string",
        "description": "Callback token. Token to cancel an in-progress update."
    },
    "time_cost": {
        "type": "integer",
        "description": "Total time taken for cancel (in milliseconds)"

    },
    "status": {
        "type": "string",
        "enum": [
          "SUCCESSFUL",
          "CANCELLED",
          "FAILED"
        ],
        "description": "Status of API call"
    },
    "error_id": {
        "type": "string",
        "description": "Unique id that links to the error thrown"
    }
	},
	"required":[
      "log_context",
      "event_name",
      "schema_definition",
      "device_id",
      "status",
      "time_cost"
	]
}