{
    "$schema": "http://json-schema.org/draft-04/schema#",
    "title": "AmbientMagnetic",
    "type": "object",
    "additionalProperties": false,
    "description": "AmbientMagnetic",
    "properties": {
        "log_context": {
            "$ref": "/resources/schema/analytics/client/v4/LogContext.json",
            "description": "Required Log Context Reference"
        },
        "event_name": {
            "type": "string",
            "enum": [
                "AMBIENT_MAGNETIC"
            ]
        },
        "schema_definition": {
            "type": "string",
            "enum": [
                "AmbientMagnetic"
            ]
        },
        "ambient_magnetic_list": {
            "type": "array",
            "items": {
                "$ref": "/resources/schema/analytics/client/v4/type/AmbientMagneticItem.json"
            },
            "description": "Required List of ambient magnetic field value from device sensor at periodic intervals"
        }
    },
    "required": [
        "log_context",
        "event_name",
        "schema_definition",
        "ambient_magnetic_list"
    ]
}