{
    "$schema": "http://json-schema.org/draft-04/schema#",
    "title": "AmbientLight",
    "type": "object",
    "additionalProperties": false,
    "description": "AmbientLight",
    "properties": {
        "log_context": {
            "$ref": "/resources/schema/analytics/client/v4/LogContext.json",
            "description": "Required Log Context Reference"
        },
        "event_name": {
            "type": "string",
            "enum": [
                "AMBIENT_LIGHT"
            ]
        },
        "schema_definition": {
            "type": "string",
            "enum": [
                "AmbientLight"
            ]
        },
        "ambient_light_list": {
            "type": "array",
            "items": {
                "$ref": "/resources/schema/analytics/client/v4/type/AmbientLightItem.json"
            },
            "description": "Required List of ambient light status from device sensor at periodic intervals"
        }
    },
    "required": [
        "log_context",
        "event_name",
        "schema_definition",
        "ambient_light_list"
    ]
}