{
    "$schema": "http://json-schema.org/draft-04/schema#",
    "title": "CLIMATE_STATE",
    "type": "object",
    "properties": {
        "log_context": {
            "$ref": "/resources/schema/analytics/client/v4/LogContext.json",
            "description": "Required Log Context Reference"
        },
        "event_name": {
            "type": "string",
            "enum": [
                "CLIMATE_STATE"
            ]
        },
        "schema_definition": {
            "type": "string",
            "enum": [
                "ClimateState"
            ]
        },
        "inside_temp": {
            "type": "number",
            "description": "vehicle inside temperature in celsius"
        },
        "outside_temp": {
            "type": "number",
            "description": "vehicle outside temperature in celsius"
        },
        "driver_temp_setting": {
            "type": "number",
            "description": "vehicle temperature set by driver in celsius"
        },
        "timestamp": {
            "type": "integer",
            "description": "Required timestamp in milliseconds"
        }
    },
    "required": [
        "log_context",
        "event_name",
        "schema_definition",
        "outside_temp",
        "timestamp"
    ]
}