{
    "$schema": "http://json-schema.org/draft-04/schema#",
    "title": "Heading",
    "type": "object",
    "additionalProperties": false,
    "description": "Heading",
    "properties": {
        "log_context": {
            "$ref": "/resources/schema/analytics/client/v4/LogContext.json",
            "description": "Required Log Context Reference"
        },
        "event_name": {
            "type": "string",
            "enum": [
                "HEADING"
            ]
        },
        "schema_definition": {
            "type": "string",
            "enum": [
                "Heading"
            ]
        },
        "heading_list": {
            "type": "array",
            "items": {
                "$ref": "/resources/schema/analytics/client/v4/type/HeadingItem.json"
            },
            "description": "Required List of heading value from sensor at periodic intervals"
        }
    },
    "required": [
        "log_context",
        "event_name",
        "schema_definition",
        "heading_list"
    ]
}