{
	"$schema":"http://json-schema.org/draft-04/schema#",
	"title":"NavEnd",
	"type":"object",
	"additionalProperties":false,
	"description":"Analytics-v4 .. Navigation End object",
	"properties":{
		"log_context":{
			"$ref":"/resources/schema/analytics/client/v4/LogContext.json",
			"description":"Required Log Context Reference"
		},
		"event_name":{
			"type": "string",
			"enum": ["NAV_END"]
		},
		"schema_definition":{
			"type": "string",
			"enum": ["NavEnd"]
		},
		"caused_by":{
			"$ref":"/resources/schema/analytics/client/v4/type/NavEndType.json",
			"description":"Required .. The reason why navigation was ended."
		},
		"distance_travelled":{
			"type":"number",
			"description":"Distance for route journey in miles (Actual distance)"
		},
		"distance_remaining":{
			"type":"number",
			"description":"Distance for route journey in miles (remaining distance)"
		},
		"distance":{
			"type":"number",
			"description":"Required .. Actual distance for route journey in miles "
		},
		"duration":{
			"type":"number",
			"description":"Required .. Actual time for route journey in minutes."
		},
		"route_id":{
			"type":"string",
			"description":"Required .. Corresponding LogID of the route chosen."
		},
		"parent_route_id":{
			"type":"string",
			"description":"Required .. RouteID of the original trip. If this is the original trip, then make it same as route_id of trip"
		},
		"nav_id":{
			"type":"string",
			"description":"LogID of corresponding NavStart event"
		},
		"interaction_method": {
			"$ref": "/resources/schema/analytics/client/v4/type/InteractionMethodValues.json",
			"description": "for each user interaction log the interation method"
		}
	},
	"required":[
		"log_context",
		"event_name",
		"schema_definition",
		"caused_by",
		"distance",
		"duration",
		"route_id",
		"parent_route_id",
		"nav_id",
		"distance_remaining"
	]
}